countyFIPS	stay at home	>50 gatherings	>500 gatherings	public schools	restaurant dine-in	entertainment/gym	federal guidelines
01001	-4.0	-19.0	-26.0	-23	-20	-11.0	-23
01003	-14.0	-29.0	-36.0	-33	-30	-21.0	-33
01005	-25.0	-40.0	-47.0	-44	-41	-32.0	-44
01007	-34.0	-49.0	-56.0	-53	-50	-41.0	-53
01011	-32.0	-47.0	-54.0	-51	-48	-39.0	-51
01013	-22.0	-37.0	-44.0	-41	-38	-29.0	-41
01015	-13.0	-28.0	-35.0	-32	-29	-20.0	-32
01017	6.0	-9.0	-16.0	-13	-10	-1.0	-13
01021	-19.0	-34.0	-41.0	-38	-35	-26.0	-38
01025	-17.0	-32.0	-39.0	-36	-33	-24.0	-36
01027	-19.0	-34.0	-41.0	-38	-35	-26.0	-38
01029	-18.0	-33.0	-40.0	-37	-34	-25.0	-37
01033	-6.0	-21.0	-28.0	-25	-22	-13.0	-25
01037	-10.0	-25.0	-32.0	-29	-26	-17.0	-29
01039	-22.0	-37.0	-44.0	-41	-38	-29.0	-41
01041	-37.0	-52.0	-59.0	-56	-53	-44.0	-56
01047	-12.0	-27.0	-34.0	-31	-28	-19.0	-31
01049	-13.0	-28.0	-35.0	-32	-29	-20.0	-32
01051	-14.0	-29.0	-36.0	-33	-30	-21.0	-33
01053	-18.0	-33.0	-40.0	-37	-34	-25.0	-37
01055	1.0	-14.0	-21.0	-18	-15	-6.0	-18
01059	-32.0	-47.0	-54.0	-51	-48	-39.0	-51
01063	-24.0	-39.0	-46.0	-43	-40	-31.0	-43
01065	-20.0	-35.0	-42.0	-39	-36	-27.0	-39
01067	-20.0	-35.0	-42.0	-39	-36	-27.0	-39
01069	-13.0	-28.0	-35.0	-32	-29	-20.0	-32
01071	10.0	-5.0	-12.0	-9	-6	3.0	-9
01073	-10.0	-16.0	-23.0	-20	-17	-8.0	-20
01081	4.0	-11.0	-18.0	-15	-12	-3.0	-15
01085	-19.0	-34.0	-41.0	-38	-35	-26.0	-38
01087	-3.0	-18.0	-25.0	-22	-19	-10.0	-22
01089	7.0	-8.0	-15.0	-12	-9	0.0	-12
01091	-4.0	-19.0	-26.0	-23	-20	-11.0	-23
01093	1.0	-14.0	-21.0	-18	-15	-6.0	-18
01095	-3.0	-18.0	-25.0	-22	-19	-10.0	-22
01097	5.0	-10.0	-17.0	-14	-11	-2.0	-14
01099	-15.0	-30.0	-37.0	-34	-31	-22.0	-34
01101	4.0	-11.0	-18.0	-15	-12	-3.0	-15
01107	-18.0	-33.0	-40.0	-37	-34	-25.0	-37
01111	0.0	-15.0	-22.0	-19	-16	-7.0	-19
01115	-32.0	-47.0	-54.0	-51	-48	-39.0	-51
01117	4.0	-11.0	-18.0	-15	-12	-3.0	-15
01119	-19.0	-34.0	-41.0	-38	-35	-26.0	-38
01121	-17.0	-32.0	-39.0	-36	-33	-24.0	-36
01123	5.0	-10.0	-17.0	-14	-11	-2.0	-14
01125	-25.0	-40.0	-47.0	-44	-41	-32.0	-44
01129	3.0	-12.0	-19.0	-16	-13	-4.0	-16
01131	-20.0	-35.0	-42.0	-39	-36	-27.0	-39
02020	-5.0	-5.0	-5.0	-8	-10	-10.0	-11
02090	-7.0	-11.0	-11.0	-16	-18	-18.0	-19
02122	-7.0	-11.0	-11.0	-16	-18	-18.0	-19
02170	-17.0	-21.0	-21.0	-26	-28	-28.0	-29
04001	-7.0	-21.0	-21.0	-22	-19	-19.0	-22
04003	-38.0	-52.0	-52.0	-53	-50	-50.0	-53
04005	7.0	-7.0	-7.0	-8	-5	-5.0	-8
04007	-38.0	-52.0	-52.0	-53	-50	-50.0	-53
04012	-12.0	-26.0	-26.0	-27	-24	-24.0	-27
04013	10.0	-4.0	-4.0	-5	-2	-2.0	-5
04015	-12.0	-26.0	-26.0	-27	-24	-24.0	-27
04017	2.0	-12.0	-12.0	-13	-10	-10.0	-13
04019	7.0	-7.0	-7.0	-8	-5	-5.0	-8
04021	-8.0	-22.0	-22.0	-23	-20	-20.0	-23
04025	-12.0	-26.0	-26.0	-27	-24	-24.0	-27
04027	-19.0	-33.0	-33.0	-34	-31	-31.0	-34
05011		-24.0	-24.0	-33	-31	-31.0	-34
05023		-1.0	-1.0	-10	-8	-8.0	-11
05027		-37.0	-37.0	-46	-44	-44.0	-47
05029		-1.0	-1.0	-10	-8	-8.0	-11
05035		-11.0	-11.0	-20	-18	-18.0	-21
05043		-15.0	-15.0	-24	-22	-22.0	-25
05051		-41.0	-41.0	-50	-48	-48.0	-51
05057		-14.0	-14.0	-23	-21	-21.0	-24
05069		-11.0	-11.0	-20	-18	-18.0	-21
05073		-31.0	-31.0	-40	-38	-38.0	-41
05075		-9.0	-9.0	-18	-16	-16.0	-19
05077		-19.0	-19.0	-28	-26	-26.0	-29
05079		-37.0	-37.0	-46	-44	-44.0	-47
05091		-27.0	-27.0	-36	-34	-34.0	-37
05107		-17.0	-17.0	-26	-24	-24.0	-27
05111		-33.0	-33.0	-42	-40	-40.0	-43
05119		-1.0	-1.0	-10	-8	-8.0	-11
05125		-10.0	-10.0	-19	-17	-17.0	-20
05133		-34.0	-34.0	-43	-41	-41.0	-44
05135		-42.0	-42.0	-51	-49	-49.0	-52
05139		-41.0	-41.0	-50	-48	-48.0	-51
05141		-4.0	-4.0	-13	-11	-11.0	-14
05143		-27.0	-27.0	-36	-34	-34.0	-37
05145		-25.0	-25.0	-34	-32	-32.0	-35
05149		-39.0	-39.0	-48	-46	-46.0	-49
06001	-4.0	-4.0	-4.0	-4	-8	-8.0	-7
06013	-1.0	-1.0	-1.0	-1	-5	-5.0	-4
06019	-15.0	-15.0	-15.0	-15	-19	-19.0	-18
06025	-14.0	-14.0	-14.0	-14	-18	-18.0	-17
06027	-37.0	-37.0	-37.0	-37	-41	-41.0	-40
06029	-8.0	-8.0	-8.0	-8	-12	-12.0	-11
06031	-25.0	-25.0	-25.0	-25	-29	-29.0	-28
06037	8.0	8.0	8.0	8	4	4.0	5
06039	-7.0	-7.0	-7.0	-7	-11	-11.0	-10
06041	-8.0	-8.0	-8.0	-8	-12	-12.0	-11
06051	-12.0	-12.0	-12.0	-12	-16	-16.0	-15
06053	-6.0	-6.0	-6.0	-6	-10	-10.0	-9
06055	-13.0	-13.0	-13.0	-13	-17	-17.0	-16
06057	-15.0	-15.0	-15.0	-15	-19	-19.0	-18
06059	-5.0	-5.0	-5.0	-5	-9	-9.0	-8
06061	15.0	15.0	15.0	15	11	11.0	12
06065	3.0	3.0	3.0	3	-1	-1.0	0
06067	9.0	9.0	9.0	9	5	5.0	6
06069	2.0	2.0	2.0	2	-2	-2.0	-1
06071	-5.0	-5.0	-5.0	-5	-9	-9.0	-8
06073	-5.0	-5.0	-5.0	-5	-9	-9.0	-8
06075	-6.0	-6.0	-6.0	-6	-10	-10.0	-9
06077	1.0	1.0	1.0	1	-3	-3.0	-2
06079	-16.0	-16.0	-16.0	-16	-20	-20.0	-19
06081	4.0	4.0	4.0	4	0	0.0	1
06083	-15.0	-15.0	-15.0	-15	-19	-19.0	-18
06085	42.0	42.0	42.0	42	38	38.0	39
06087	-10.0	-10.0	-10.0	-10	-14	-14.0	-13
06089	-6.0	-6.0	-6.0	-6	-10	-10.0	-9
06095	-14.0	-14.0	-14.0	-14	-18	-18.0	-17
06097	-1.0	-1.0	-1.0	-1	-5	-5.0	-4
06099	-22.0	-22.0	-22.0	-22	-26	-26.0	-25
06101	-13.0	-13.0	-13.0	-13	-17	-17.0	-16
06107	-9.0	-9.0	-9.0	-9	-13	-13.0	-12
06111	-3.0	-3.0	-3.0	-3	-7	-7.0	-6
06113	-3.0	-3.0	-3.0	-3	-7	-7.0	-6
06115	-22.0	-22.0	-22.0	-22	-26	-26.0	-25
08001	-7.0	-7.0	-18.0	-8	-11	-14.0	-15
08003	-14.0	-16.0	-27.0	-17	-20	-23.0	-24
08005	-2.0	-2.0	-13.0	-3	-6	-9.0	-10
08013	-3.0	-3.0	-14.0	-4	-7	-10.0	-11
08019	-26.0	-28.0	-39.0	-29	-32	-35.0	-36
08025	6.0	4.0	-7.0	3	0	-3.0	-4
08029	-13.0	-15.0	-26.0	-16	-19	-22.0	-23
08031	-1.0	-1.0	-12.0	-2	-5	-8.0	-9
08035	-9.0	-9.0	-20.0	-10	-13	-16.0	-17
08037	3.0	3.0	-8.0	2	-1	-4.0	-5
08039	-9.0	-11.0	-22.0	-12	-15	-18.0	-19
08045	-4.0	-6.0	-17.0	-7	-10	-13.0	-14
08051	1.0	-1.0	-12.0	-2	-5	-8.0	-9
08059	-1.0	-1.0	-12.0	-2	-5	-8.0	-9
08063	-19.0	-21.0	-32.0	-22	-25	-28.0	-29
08067	-46.0	-46.0	-57.0	-47	-50	-53.0	-54
08075	-22.0	-24.0	-35.0	-25	-28	-31.0	-32
08083	-7.0	-9.0	-20.0	-10	-13	-16.0	-17
08085	-8.0	-10.0	-21.0	-11	-14	-17.0	-18
08087	-22.0	-24.0	-35.0	-25	-28	-31.0	-32
08089	-29.0	-31.0	-42.0	-32	-35	-38.0	-39
08091	-14.0	-16.0	-27.0	-17	-20	-23.0	-24
08101	-1.0	-3.0	-14.0	-4	-7	-10.0	-11
08107	-20.0	-22.0	-33.0	-23	-26	-29.0	-30
08117	-17.0	-19.0	-30.0	-20	-23	-26.0	-27
08119	1.0	-1.0	-12.0	-2	-5	-8.0	-9
09001	5.0	5.0	5.0	-1	-2	-2.0	-2
09003	1.0	1.0	1.0	-5	-6	-6.0	-6
09005	-7.0	-7.0	-7.0	-13	-14	-14.0	-14
09009	-2.0	-2.0	-2.0	-8	-9	-9.0	-9
09011	-8.0	-8.0	-8.0	-14	-15	-15.0	-15
09013	2.0	2.0	2.0	-4	-5	-5.0	-5
09015	-12.0	-12.0	-12.0	-18	-19	-19.0	-19
10001	-4.0	-4.0	-4.0	-12	-16	-16.0	-12
10003	-3.0	-3.0	-3.0	-11	-15	-15.0	-11
10005	-3.0	-3.0	-3.0	-11	-15	-15.0	-11
12001	-27.0	-35.0	-35.0	-36	-32	-32.0	-36
12003	-4.0	-21.0	-21.0	-22	-18	-18.0	-22
12005	-1.0	-18.0	-18.0	-19	-15	-15.0	-19
12007	-9.0	-26.0	-26.0	-27	-23	-23.0	-27
12009	-4.0	-21.0	-21.0	-22	-18	-18.0	-22
12011	11.0	1.0	1.0	0	4	4.0	0
12015	0.0	-17.0	-17.0	-18	-14	-14.0	-18
12017	9.0	-8.0	-8.0	-9	-5	-5.0	-9
12021	5.0	-12.0	-12.0	-13	-9	-9.0	-13
12023	-25.0	-42.0	-42.0	-43	-39	-39.0	-43
12027	4.0	-13.0	-13.0	-14	-10	-10.0	-14
12031	6.0	-2.0	-2.0	-3	1	1.0	-3
12033	-1.0	-18.0	-18.0	-19	-15	-15.0	-19
12035	1.0	-16.0	-16.0	-17	-13	-13.0	-17
12043	3.0	-14.0	-14.0	-15	-11	-11.0	-15
12051	-17.0	-34.0	-34.0	-35	-31	-31.0	-35
12053	-4.0	-21.0	-21.0	-22	-18	-18.0	-22
12055	8.0	-9.0	-9.0	-10	-6	-6.0	-10
12057	1.0	-9.0	-9.0	-10	-6	-6.0	-10
12061	-7.0	-24.0	-24.0	-25	-21	-21.0	-25
12065	-9.0	-26.0	-26.0	-27	-23	-23.0	-27
12069	1.0	-16.0	-16.0	-17	-13	-13.0	-17
12071	28.0	11.0	11.0	10	14	14.0	10
12073	-23.0	-31.0	-31.0	-32	-28	-28.0	-32
12079	-17.0	-34.0	-34.0	-35	-31	-31.0	-35
12081	17.0	0.0	0.0	-1	3	3.0	-1
12083	-2.0	-19.0	-19.0	-20	-16	-16.0	-20
12085	-5.0	-22.0	-22.0	-23	-19	-19.0	-23
12087	-4.0	-17.0	-17.0	-18	-14	-14.0	-18
12089	-29.0	-46.0	-46.0	-47	-43	-43.0	-47
12091	4.0	-13.0	-13.0	-14	-10	-10.0	-14
12097	-4.0	-13.0	-13.0	-14	-10	-10.0	-14
12103	1.0	-8.0	-8.0	-9	-5	-5.0	-9
12105	3.0	-14.0	-14.0	-15	-11	-11.0	-15
12107	0.0	-17.0	-17.0	-18	-14	-14.0	-18
12109	10.0	-7.0	-7.0	-8	-4	-4.0	-8
12111	7.0	-10.0	-10.0	-11	-7	-7.0	-11
12113	28.0	11.0	11.0	10	14	14.0	10
12115	9.0	-8.0	-8.0	-9	-5	-5.0	-9
12117	-1.0	-18.0	-18.0	-19	-15	-15.0	-19
12119	1.0	-16.0	-16.0	-17	-13	-13.0	-17
12121	-11.0	-28.0	-28.0	-29	-25	-25.0	-29
12127	6.0	-11.0	-11.0	-12	-8	-8.0	-12
12129	-9.0	-26.0	-26.0	-27	-23	-23.0	-27
12131	-31.0	-48.0	-48.0	-49	-45	-45.0	-49
13001	-18.0	-35.0	-35.0	-34	-32	-32.0	-36
13003	-26.0	-43.0	-43.0	-42	-40	-40.0	-44
13005	-13.0	-30.0	-30.0	-29	-27	-27.0	-31
13007	10.0	-7.0	-7.0	-6	-4	-4.0	-8
13009	4.0	-13.0	-13.0	-12	-10	-10.0	-14
13013	10.0	-7.0	-7.0	-6	-4	-4.0	-8
13015	12.0	-5.0	-5.0	-4	-2	-2.0	-6
13021	2.0	-15.0	-15.0	-14	-12	-12.0	-16
13025	-4.0	-21.0	-21.0	-20	-18	-18.0	-22
13027	-5.0	-22.0	-22.0	-21	-19	-19.0	-23
13029	2.0	-15.0	-15.0	-14	-12	-12.0	-16
13031	-8.0	-25.0	-25.0	-24	-22	-22.0	-26
13035	-17.0	-34.0	-34.0	-33	-31	-31.0	-35
13037	2.0	-15.0	-15.0	-14	-12	-12.0	-16
13039	-20.0	-37.0	-37.0	-36	-34	-34.0	-38
13045	4.0	-13.0	-13.0	-12	-10	-10.0	-14
13049	-38.0	-55.0	-55.0	-54	-52	-52.0	-56
13051	-6.0	-13.0	-13.0	-12	-10	-10.0	-14
13055	-3.0	-20.0	-20.0	-19	-17	-17.0	-21
13057	7.0	-10.0	-10.0	-9	-7	-7.0	-11
13059	7.0	-10.0	-10.0	-9	-7	-7.0	-11
13061	-3.0	-20.0	-20.0	-19	-17	-17.0	-21
13063	10.0	-7.0	-7.0	-6	-4	-4.0	-8
13067	22.0	5.0	5.0	6	8	8.0	4
13069	-4.0	-21.0	-21.0	-20	-18	-18.0	-22
13071	3.0	-14.0	-14.0	-13	-11	-11.0	-15
13073	-14.0	-31.0	-31.0	-30	-28	-28.0	-32
13075	-13.0	-30.0	-30.0	-29	-27	-27.0	-31
13077	13.0	-4.0	-4.0	-3	-1	-1.0	-5
13081	-11.0	-28.0	-28.0	-27	-25	-25.0	-29
13083	0.0	-17.0	-17.0	-16	-14	-14.0	-18
13087	-16.0	-33.0	-33.0	-32	-30	-30.0	-34
13089	7.0	-10.0	-10.0	-9	-7	-7.0	-11
13091	-24.0	-41.0	-41.0	-40	-38	-38.0	-42
13093	-1.0	-18.0	-18.0	-17	-15	-15.0	-19
13097	7.0	-10.0	-10.0	-9	-7	-7.0	-11
13099	15.0	-2.0	-2.0	-1	1	1.0	-3
13103	-2.0	-19.0	-19.0	-18	-16	-16.0	-20
13107	-35.0	-52.0	-52.0	-51	-49	-49.0	-53
13113	15.0	-2.0	-2.0	-1	1	1.0	-3
13115	15.0	-2.0	-2.0	-1	1	1.0	-3
13117	10.0	-7.0	-7.0	-6	-4	-4.0	-8
13119	-27.0	-44.0	-44.0	-43	-41	-41.0	-45
13121	5.0	-2.0	-2.0	-1	1	1.0	-3
13127	-20.0	-37.0	-37.0	-36	-34	-34.0	-38
13129	10.0	-7.0	-7.0	-6	-4	-4.0	-8
13131	-11.0	-28.0	-28.0	-27	-25	-25.0	-29
13133	-4.0	-21.0	-21.0	-20	-18	-18.0	-22
13135	13.0	-4.0	-4.0	-3	-1	-1.0	-5
13137	-7.0	-24.0	-24.0	-23	-21	-21.0	-25
13139	-12.0	-29.0	-29.0	-28	-26	-26.0	-30
13141	-25.0	-42.0	-42.0	-41	-39	-39.0	-43
13143	-11.0	-28.0	-28.0	-27	-25	-25.0	-29
13145	-6.0	-23.0	-23.0	-22	-20	-20.0	-24
13151	12.0	-5.0	-5.0	-4	-2	-2.0	-6
13153	9.0	-8.0	-8.0	-7	-5	-5.0	-9
13155	-19.0	-36.0	-36.0	-35	-33	-33.0	-37
13157	-5.0	-22.0	-22.0	-21	-19	-19.0	-23
13161	-17.0	-34.0	-34.0	-33	-31	-31.0	-35
13163	-6.0	-23.0	-23.0	-22	-20	-20.0	-24
13165	-5.0	-22.0	-22.0	-21	-19	-19.0	-23
13167	-6.0	-23.0	-23.0	-22	-20	-20.0	-24
13171	-25.0	-42.0	-42.0	-41	-39	-39.0	-43
13173	-11.0	-28.0	-28.0	-27	-25	-25.0	-29
13175	-7.0	-24.0	-24.0	-23	-21	-21.0	-25
13185	7.0	-10.0	-10.0	-9	-7	-7.0	-11
13187	-24.0	-41.0	-41.0	-40	-38	-38.0	-42
13193	-17.0	-34.0	-34.0	-33	-31	-31.0	-35
13195	4.0	-13.0	-13.0	-12	-10	-10.0	-14
13197	-14.0	-31.0	-31.0	-30	-28	-28.0	-32
13199	-31.0	-48.0	-48.0	-47	-45	-45.0	-49
13205	4.0	-13.0	-13.0	-12	-10	-10.0	-14
13207	-1.0	-18.0	-18.0	-17	-15	-15.0	-19
13213	-28.0	-45.0	-45.0	-44	-42	-42.0	-46
13215	-3.0	-20.0	-20.0	-19	-17	-17.0	-21
13217	0.0	-17.0	-17.0	-16	-14	-14.0	-18
13221	1.0	-16.0	-16.0	-15	-13	-13.0	-17
13223	-3.0	-20.0	-20.0	-19	-17	-17.0	-21
13225	5.0	-12.0	-12.0	-11	-9	-9.0	-13
13227	7.0	-10.0	-10.0	-9	-7	-7.0	-11
13229	-4.0	-21.0	-21.0	-20	-18	-18.0	-22
13231	-12.0	-29.0	-29.0	-28	-26	-26.0	-30
13235	-11.0	-28.0	-28.0	-27	-25	-25.0	-29
13237	-14.0	-31.0	-31.0	-30	-28	-28.0	-32
13239	-12.0	-29.0	-29.0	-28	-26	-26.0	-30
13241	-31.0	-48.0	-48.0	-47	-45	-45.0	-49
13245	1.0	-16.0	-16.0	-15	-13	-13.0	-17
13247	7.0	-10.0	-10.0	-9	-7	-7.0	-11
13249	-3.0	-20.0	-20.0	-19	-17	-17.0	-21
13251	-12.0	-29.0	-29.0	-28	-26	-26.0	-30
13253	-11.0	-28.0	-28.0	-27	-25	-25.0	-29
13255	2.0	-15.0	-15.0	-14	-12	-12.0	-16
13257	-14.0	-31.0	-31.0	-30	-28	-28.0	-32
13263	-4.0	-21.0	-21.0	-20	-18	-18.0	-22
13279	1.0	-16.0	-16.0	-15	-13	-13.0	-17
13281	-25.0	-42.0	-42.0	-41	-39	-39.0	-43
13285	7.0	-10.0	-10.0	-9	-7	-7.0	-11
13287	-11.0	-28.0	-28.0	-27	-25	-25.0	-29
13291	-6.0	-23.0	-23.0	-22	-20	-20.0	-24
13293	-8.0	-25.0	-25.0	-24	-22	-22.0	-26
13297	-2.0	-19.0	-19.0	-18	-16	-16.0	-20
13299	2.0	-15.0	-15.0	-14	-12	-12.0	-16
13303	-14.0	-31.0	-31.0	-30	-28	-28.0	-32
13307	-23.0	-40.0	-40.0	-39	-37	-37.0	-41
13311	-32.0	-49.0	-49.0	-48	-46	-46.0	-50
13313	5.0	-12.0	-12.0	-11	-9	-9.0	-13
13315	-15.0	-32.0	-32.0	-31	-29	-29.0	-33
13319	-7.0	-24.0	-24.0	-23	-21	-21.0	-25
13321	7.0	-10.0	-10.0	-9	-7	-7.0	-11
15003	-6.0	-6.0	-6.0	-8	-11	-6.0	-15
15009	-12.0	-12.0	-12.0	-14	-17	-12.0	-21
16001	-3.0	-3.0	-3.0	-5	-5	-5.0	-12
16013	-1.0	-1.0	-1.0	-3	-3	-3.0	-10
16027	-1.0	-1.0	-1.0	-3	-3	-3.0	-10
16031	-6.0	-6.0	-6.0	-8	-8	-8.0	-15
16039	-26.0	-26.0	-26.0	-28	-28	-28.0	-35
16053	-15.0	-15.0	-15.0	-17	-17	-17.0	-24
16069	-2.0	-2.0	-2.0	-4	-4	-4.0	-11
16075	-17.0	-17.0	-17.0	-19	-19	-19.0	-26
16083	-9.0	-9.0	-9.0	-11	-11	-11.0	-18
17001	-41.0	-44.0	-44.0	-45	-44	-44.0	-46
17005	-26.0	-29.0	-29.0	-30	-29	-29.0	-31
17007	-18.0	-21.0	-21.0	-22	-21	-21.0	-23
17011	-45.0	-48.0	-48.0	-49	-48	-48.0	-50
17015	-11.0	-14.0	-14.0	-15	-14	-14.0	-16
17019	-17.0	-20.0	-20.0	-21	-20	-20.0	-22
17021	-12.0	-15.0	-15.0	-16	-15	-15.0	-17
17027	-34.0	-37.0	-37.0	-38	-37	-37.0	-39
17029	-35.0	-38.0	-38.0	-39	-38	-38.0	-40
17031	4.0	1.0	1.0	0	1	1.0	-1
17037	-16.0	-19.0	-19.0	-20	-19	-19.0	-21
17043	-3.0	-6.0	-6.0	-7	-6	-6.0	-8
17049	-19.0	-22.0	-22.0	-23	-22	-22.0	-24
17051	-24.0	-27.0	-27.0	-28	-27	-27.0	-29
17053	-17.0	-20.0	-20.0	-21	-20	-20.0	-22
17063	-48.0	-51.0	-51.0	-52	-51	-51.0	-53
17075	-44.0	-47.0	-47.0	-48	-47	-47.0	-49
17077	-14.0	-17.0	-17.0	-18	-17	-17.0	-19
17079	-24.0	-27.0	-27.0	-28	-27	-27.0	-29
17081	-32.0	-35.0	-35.0	-36	-35	-35.0	-37
17083	-35.0	-38.0	-38.0	-39	-38	-38.0	-40
17091	-13.0	-16.0	-16.0	-17	-16	-16.0	-18
17093	-8.0	-11.0	-11.0	-12	-11	-11.0	-13
17097	-7.0	-10.0	-10.0	-11	-10	-10.0	-12
17099	-8.0	-11.0	-11.0	-12	-11	-11.0	-13
17105	-30.0	-33.0	-33.0	-34	-33	-33.0	-35
17109	-42.0	-45.0	-45.0	-46	-45	-45.0	-47
17111	-5.0	-8.0	-8.0	-9	-8	-8.0	-10
17113	-3.0	-6.0	-6.0	-7	-6	-6.0	-8
17115	-18.0	-21.0	-21.0	-22	-21	-21.0	-23
17117	-45.0	-48.0	-48.0	-49	-48	-48.0	-50
17119	-17.0	-20.0	-20.0	-21	-20	-20.0	-22
17133	-17.0	-20.0	-20.0	-21	-20	-20.0	-22
17135	-15.0	-18.0	-18.0	-19	-18	-18.0	-20
17137	-10.0	-13.0	-13.0	-14	-13	-13.0	-15
17141	-25.0	-28.0	-28.0	-29	-28	-28.0	-30
17143	-15.0	-18.0	-18.0	-19	-18	-18.0	-20
17157	-27.0	-30.0	-30.0	-31	-30	-30.0	-32
17161	-19.0	-22.0	-22.0	-23	-22	-22.0	-24
17163	-8.0	-11.0	-11.0	-12	-11	-11.0	-13
17167	2.0	-1.0	-1.0	-2	-1	-1.0	-3
17173	-39.0	-42.0	-42.0	-43	-42	-42.0	-44
17179	-17.0	-20.0	-20.0	-21	-20	-20.0	-22
17181	-45.0	-48.0	-48.0	-49	-48	-48.0	-50
17183	-39.0	-42.0	-42.0	-43	-42	-42.0	-44
17195	-12.0	-15.0	-15.0	-16	-15	-15.0	-17
17197	2.0	-1.0	-1.0	-2	-1	-1.0	-3
17199	-48.0	-51.0	-51.0	-52	-51	-51.0	-53
17201	-11.0	-14.0	-14.0	-15	-14	-14.0	-16
17203	-31.0	-34.0	-34.0	-35	-34	-34.0	-36
18001	-19.0	-19.0	-30.0	-24	-26	-26.0	-27
18003	1.0	1.0	-10.0	-4	-6	-6.0	-7
18005	-13.0	-13.0	-24.0	-18	-20	-20.0	-21
18009	-22.0	-22.0	-33.0	-27	-29	-29.0	-30
18011	-12.0	-12.0	-23.0	-17	-19	-19.0	-20
18013	-14.0	-14.0	-25.0	-19	-21	-21.0	-22
18015	-21.0	-21.0	-32.0	-26	-28	-28.0	-29
18017	-16.0	-16.0	-27.0	-21	-23	-23.0	-24
18019	-9.0	-9.0	-20.0	-14	-16	-16.0	-17
18021	-29.0	-29.0	-40.0	-34	-36	-36.0	-37
18023	-16.0	-16.0	-27.0	-21	-23	-23.0	-24
18027	-15.0	-15.0	-26.0	-20	-22	-22.0	-23
18029	-4.0	-4.0	-15.0	-9	-11	-11.0	-12
18031	-7.0	-7.0	-18.0	-12	-14	-14.0	-15
18033	-22.0	-22.0	-33.0	-27	-29	-29.0	-30
18035	3.0	3.0	-8.0	-2	-4	-4.0	-5
18039	-7.0	-7.0	-18.0	-12	-14	-14.0	-15
18041	-4.0	-4.0	-15.0	-9	-11	-11.0	-12
18043	-13.0	-13.0	-24.0	-18	-20	-20.0	-21
18045	-9.0	-9.0	-20.0	-14	-16	-16.0	-17
18047	-2.0	-2.0	-13.0	-7	-9	-9.0	-10
18049	-37.0	-37.0	-48.0	-42	-44	-44.0	-45
18053	-12.0	-12.0	-23.0	-17	-19	-19.0	-20
18055	-17.0	-17.0	-28.0	-22	-24	-24.0	-25
18057	-8.0	-8.0	-19.0	-13	-15	-15.0	-16
18059	-1.0	-1.0	-12.0	-6	-8	-8.0	-9
18061	-10.0	-10.0	-21.0	-15	-17	-17.0	-18
18063	-4.0	-4.0	-15.0	-9	-11	-11.0	-12
18065	-22.0	-22.0	-33.0	-27	-29	-29.0	-30
18067	-1.0	-1.0	-12.0	-6	-8	-8.0	-9
18069	-9.0	-9.0	-20.0	-14	-16	-16.0	-17
18071	-36.0	-36.0	-47.0	-41	-43	-43.0	-44
18073	-4.0	-4.0	-15.0	-9	-11	-11.0	-12
18079	-25.0	-25.0	-36.0	-30	-32	-32.0	-33
18081	8.0	8.0	-3.0	3	1	1.0	0
18085	-16.0	-16.0	-27.0	-21	-23	-23.0	-24
18087	-14.0	-14.0	-25.0	-19	-21	-21.0	-22
18089	-4.0	-4.0	-15.0	-9	-11	-11.0	-12
18091	-9.0	-9.0	-20.0	-14	-16	-16.0	-17
18093	-8.0	-8.0	-19.0	-13	-15	-15.0	-16
18095	-4.0	-4.0	-15.0	-9	-11	-11.0	-12
18097	8.0	8.0	-3.0	3	1	1.0	0
18099	-29.0	-29.0	-40.0	-34	-36	-36.0	-37
18103	-39.0	-39.0	-50.0	-44	-46	-46.0	-47
18105	-19.0	-19.0	-30.0	-24	-26	-26.0	-27
18107	-42.0	-42.0	-53.0	-47	-49	-49.0	-50
18109	-5.0	-5.0	-16.0	-10	-12	-12.0	-13
18111	-13.0	-13.0	-24.0	-18	-20	-20.0	-21
18113	-12.0	-12.0	-23.0	-17	-19	-19.0	-20
18117	-11.0	-11.0	-22.0	-16	-18	-18.0	-19
18119	-17.0	-17.0	-28.0	-22	-24	-24.0	-25
18127	-18.0	-18.0	-29.0	-23	-25	-25.0	-26
18133	-4.0	-4.0	-15.0	-9	-11	-11.0	-12
18135	-10.0	-10.0	-21.0	-15	-17	-17.0	-18
18137	-7.0	-7.0	-18.0	-12	-14	-14.0	-15
18139	-10.0	-10.0	-21.0	-15	-17	-17.0	-18
18141	-4.0	-4.0	-15.0	-9	-11	-11.0	-12
18143	2.0	2.0	-9.0	-3	-5	-5.0	-6
18145	-15.0	-15.0	-26.0	-20	-22	-22.0	-23
18147	-39.0	-39.0	-50.0	-44	-46	-46.0	-47
18149	-21.0	-21.0	-32.0	-26	-28	-28.0	-29
18151	-15.0	-15.0	-26.0	-20	-22	-22.0	-23
18157	-4.0	-4.0	-15.0	-9	-11	-11.0	-12
18159	-23.0	-23.0	-34.0	-28	-30	-30.0	-31
18163	-14.0	-14.0	-25.0	-19	-21	-21.0	-22
18167	-4.0	-4.0	-15.0	-9	-11	-11.0	-12
18169	-29.0	-29.0	-40.0	-34	-36	-36.0	-37
18171	-7.0	-7.0	-18.0	-12	-14	-14.0	-15
18173	-17.0	-17.0	-28.0	-22	-24	-24.0	-25
18175	-43.0	-43.0	-54.0	-48	-50	-50.0	-51
18177	-14.0	-14.0	-25.0	-19	-21	-21.0	-22
18181	-44.0	-44.0	-55.0	-49	-51	-51.0	-52
18183	-12.0	-12.0	-23.0	-17	-19	-19.0	-20
19005		6.0	6.0	6	-10	-10.0	-11
19007		-3.0	-3.0	-3	-19	-19.0	-20
19011		-5.0	-5.0	-5	-21	-21.0	-22
19013		-15.0	-15.0	-15	-31	-31.0	-32
19017		-21.0	-21.0	-21	-37	-37.0	-38
19031		-35.0	-35.0	-35	-51	-51.0	-52
19043		-13.0	-13.0	-13	-29	-29.0	-30
19045		-24.0	-24.0	-24	-40	-40.0	-41
19047		-9.0	-9.0	-9	-25	-25.0	-26
19049		-32.0	-32.0	-32	-48	-48.0	-49
19055		-31.0	-31.0	-31	-47	-47.0	-48
19057		-24.0	-24.0	-24	-40	-40.0	-41
19061		9.0	9.0	9	-7	-7.0	-8
19067		-38.0	-38.0	-38	-54	-54.0	-55
19087		-4.0	-4.0	-4	-20	-20.0	-21
19099		-27.0	-27.0	-27	-43	-43.0	-44
19103		-3.0	-3.0	-3	-19	-19.0	-20
19113		4.0	4.0	4	-12	-12.0	-13
19115		-14.0	-14.0	-14	-30	-30.0	-31
19121		-9.0	-9.0	-9	-25	-25.0	-26
19123		-18.0	-18.0	-18	-34	-34.0	-35
19127		-27.0	-27.0	-27	-43	-43.0	-44
19139		2.0	2.0	2	-14	-14.0	-15
19153		1.0	1.0	1	-15	-15.0	-16
19155		-13.0	-13.0	-13	-29	-29.0	-30
19157		6.0	6.0	6	-10	-10.0	-11
19163		-3.0	-3.0	-3	-19	-19.0	-20
19169		-26.0	-26.0	-26	-42	-42.0	-43
19171		-4.0	-4.0	-4	-20	-20.0	-21
19183		3.0	3.0	3	-13	-13.0	-14
19193		-20.0	-20.0	-20	-36	-36.0	-37
20011	-8.0	-8.0	-8.0	-20	-14	-14.0	-22
20027	-27.0	-27.0	-27.0	-39	-33	-33.0	-41
20031	-3.0	-3.0	-3.0	-15	-9	-9.0	-17
20035	-10.0	-10.0	-10.0	-22	-16	-16.0	-24
20037	0.0	0.0	0.0	-12	-6	-6.0	-14
20055	-28.0	-41.0	-41.0	-40	-34	-34.0	-42
20057	-32.0	-45.0	-45.0	-44	-38	-38.0	-46
20091	3.0	-4.0	-4.0	-3	3	3.0	-5
20103	-11.0	-18.0	-18.0	-17	-11	-11.0	-19
20111	-20.0	-33.0	-33.0	-32	-26	-26.0	-34
20115	-26.0	-39.0	-39.0	-38	-32	-32.0	-40
20125	-9.0	-22.0	-22.0	-21	-15	-15.0	-23
20169	-6.0	-19.0	-19.0	-18	-12	-12.0	-20
20173	-5.0	-13.0	-13.0	-12	-6	-6.0	-14
20177	2.0	-11.0	-11.0	-10	-4	-4.0	-12
20191	-10.0	-23.0	-23.0	-22	-16	-16.0	-24
20209	12.0	5.0	5.0	6	12	12.0	4
21001	-12.0	-12.0	-12.0	-22	-22	-20.0	-22
21003	-46.0	-46.0	-46.0	-56	-56	-54.0	-56
21005	5.0	5.0	5.0	-5	-5	-3.0	-5
21011	-35.0	-35.0	-35.0	-45	-45	-43.0	-45
21015	-9.0	-9.0	-9.0	-19	-19	-17.0	-19
21017	11.0	11.0	11.0	1	1	3.0	1
21019	-7.0	-7.0	-7.0	-17	-17	-15.0	-17
21029	-5.0	-5.0	-5.0	-15	-15	-13.0	-15
21031	-15.0	-15.0	-15.0	-25	-25	-23.0	-25
21035	-14.0	-14.0	-14.0	-24	-24	-22.0	-24
21037	-5.0	-5.0	-5.0	-15	-15	-13.0	-15
21039	-36.0	-36.0	-36.0	-46	-46	-44.0	-46
21047	-14.0	-14.0	-14.0	-24	-24	-22.0	-24
21055	-25.0	-25.0	-25.0	-35	-35	-33.0	-35
21059	-6.0	-6.0	-6.0	-16	-16	-14.0	-16
21061	-42.0	-42.0	-42.0	-52	-52	-50.0	-52
21067	3.0	3.0	3.0	-7	-7	-5.0	-7
21081	-7.0	-7.0	-7.0	-17	-17	-15.0	-17
21083	-21.0	-21.0	-21.0	-31	-31	-29.0	-31
21085	-23.0	-23.0	-23.0	-33	-33	-31.0	-33
21093	-39.0	-39.0	-39.0	-49	-49	-47.0	-49
21101	-28.0	-28.0	-28.0	-38	-38	-36.0	-38
21107	-1.0	-1.0	-1.0	-11	-11	-9.0	-11
21109	-19.0	-19.0	-19.0	-29	-29	-27.0	-29
21111	7.0	7.0	7.0	-3	-3	-1.0	-3
21117	-2.0	-2.0	-2.0	-12	-12	-10.0	-12
21125	-19.0	-19.0	-19.0	-29	-29	-27.0	-29
21137	-19.0	-19.0	-19.0	-29	-29	-27.0	-29
21141	-38.0	-38.0	-38.0	-48	-48	-46.0	-48
21143	-12.0	-12.0	-12.0	-22	-22	-20.0	-22
21145	-15.0	-15.0	-15.0	-25	-25	-23.0	-25
21149	-10.0	-10.0	-10.0	-20	-20	-18.0	-20
21151	-18.0	-18.0	-18.0	-28	-28	-26.0	-28
21157	-36.0	-36.0	-36.0	-46	-46	-44.0	-46
21163	-15.0	-15.0	-15.0	-25	-25	-23.0	-25
21177	-18.0	-18.0	-18.0	-28	-28	-26.0	-28
21195	-19.0	-19.0	-19.0	-29	-29	-27.0	-29
21199	-7.0	-7.0	-7.0	-17	-17	-15.0	-17
21207	-22.0	-22.0	-22.0	-32	-32	-30.0	-32
21211	-10.0	-10.0	-10.0	-20	-20	-18.0	-20
21213	-19.0	-19.0	-19.0	-29	-29	-27.0	-29
21227	-34.0	-34.0	-34.0	-44	-44	-42.0	-44
22001	-4.0	-10.0	-10.0	-11	-10	-10.0	-11
22003	-10.0	-16.0	-16.0	-17	-16	-16.0	-17
22005	0.0	-6.0	-6.0	-7	-6	-6.0	-7
22009	-9.0	-15.0	-15.0	-16	-15	-15.0	-16
22011	-16.0	-22.0	-22.0	-23	-22	-22.0	-23
22013	-2.0	-8.0	-8.0	-9	-8	-8.0	-9
22015	-8.0	-14.0	-14.0	-15	-14	-14.0	-15
22019	-1.0	-7.0	-7.0	-8	-7	-7.0	-8
22025	3.0	-3.0	-3.0	-4	-3	-3.0	-4
22027	-10.0	-16.0	-16.0	-17	-16	-16.0	-17
22029	-11.0	-17.0	-17.0	-18	-17	-17.0	-18
22031	-3.0	-9.0	-9.0	-10	-9	-9.0	-10
22033	0.0	-6.0	-6.0	-7	-6	-6.0	-7
22037	-16.0	-22.0	-22.0	-23	-22	-22.0	-23
22039	-38.0	-44.0	-44.0	-45	-44	-44.0	-45
22041	-18.0	-24.0	-24.0	-25	-24	-24.0	-25
22047	-1.0	-7.0	-7.0	-8	-7	-7.0	-8
22049	-36.0	-42.0	-42.0	-43	-42	-42.0	-43
22051	5.0	-1.0	-1.0	-2	-1	-1.0	-2
22053	-14.0	-20.0	-20.0	-21	-20	-20.0	-21
22055	-5.0	-11.0	-11.0	-12	-11	-11.0	-12
22057	-2.0	-8.0	-8.0	-9	-8	-8.0	-9
22061	-25.0	-31.0	-31.0	-32	-31	-31.0	-32
22063	-11.0	-17.0	-17.0	-18	-17	-17.0	-18
22067	-18.0	-24.0	-24.0	-25	-24	-24.0	-25
22069	-25.0	-31.0	-31.0	-32	-31	-31.0	-32
22071	9.0	3.0	3.0	2	3	3.0	2
22073	0.0	-6.0	-6.0	-7	-6	-6.0	-7
22079	0.0	-6.0	-6.0	-7	-6	-6.0	-7
22081	-15.0	-21.0	-21.0	-22	-21	-21.0	-22
22083	-43.0	-49.0	-49.0	-50	-49	-49.0	-50
22085	-36.0	-42.0	-42.0	-43	-42	-42.0	-43
22089	-2.0	-8.0	-8.0	-9	-8	-8.0	-9
22091	-24.0	-30.0	-30.0	-31	-30	-30.0	-31
22095	-2.0	-8.0	-8.0	-9	-8	-8.0	-9
22097	-7.0	-13.0	-13.0	-14	-13	-13.0	-14
22099	-4.0	-10.0	-10.0	-11	-10	-10.0	-11
22101	-17.0	-23.0	-23.0	-24	-23	-23.0	-24
22103	-1.0	-7.0	-7.0	-8	-7	-7.0	-8
22111	-16.0	-22.0	-22.0	-23	-22	-22.0	-23
22113	-5.0	-11.0	-11.0	-12	-11	-11.0	-12
22115	-22.0	-28.0	-28.0	-29	-28	-28.0	-29
22119	0.0	-6.0	-6.0	-7	-6	-6.0	-7
22121	0.0	-6.0	-6.0	-7	-6	-6.0	-7
22125	-28.0	-34.0	-34.0	-35	-34	-34.0	-35
22127	-13.0	-19.0	-19.0	-20	-19	-19.0	-20
23001	-15.0	-30.0	-30.0	-33	-30	-24.0	-32
23005	6.0	-9.0	-9.0	-12	-9	-3.0	-11
23007	-23.0	-38.0	-38.0	-41	-38	-32.0	-40
23009	-36.0	-51.0	-51.0	-54	-51	-45.0	-53
23011	2.0	-13.0	-13.0	-16	-13	-7.0	-15
23027	-6.0	-21.0	-21.0	-24	-21	-15.0	-23
23031	2.0	-13.0	-13.0	-16	-13	-7.0	-15
24001	-16.0	-30.0	-33.0	-30	-30	-30.0	-30
24015	-3.0	-17.0	-20.0	-17	-17	-17.0	-17
24019	-15.0	-29.0	-32.0	-29	-29	-29.0	-29
24029	-17.0	-31.0	-34.0	-31	-31	-31.0	-31
24035	-16.0	-30.0	-33.0	-30	-30	-30.0	-30
24041	-9.0	-23.0	-26.0	-23	-23	-23.0	-23
24045	2.0	-12.0	-15.0	-12	-12	-12.0	-12
24047	-29.0	-43.0	-46.0	-43	-43	-43.0	-43
25001	-1.0	-8.0	-8.0	-8	-8	-8.0	-9
25003	2.0	-5.0	-5.0	-5	-5	-5.0	-6
25005	-3.0	-10.0	-10.0	-10	-10	-10.0	-11
25009	-2.0	-9.0	-9.0	-9	-9	-9.0	-10
25011	-2.0	-9.0	-9.0	-9	-9	-9.0	-10
25013	-2.0	-9.0	-9.0	-9	-9	-9.0	-10
25015	2.0	-5.0	-5.0	-5	-5	-5.0	-6
25017	3.0	-4.0	-4.0	-4	-4	-4.0	-5
25019	-13.0	-20.0	-20.0	-20	-20	-20.0	-21
25021	-1.0	-8.0	-8.0	-8	-8	-8.0	-9
25023	-7.0	-14.0	-14.0	-14	-14	-14.0	-15
25025	4.0	-3.0	-3.0	-3	-3	-3.0	-4
25027	-1.0	-8.0	-8.0	-8	-8	-8.0	-9
26001	-37.0	-37.0	-37.0	-45	-45	-45.0	-45
26005	-31.0	-31.0	-31.0	-39	-39	-39.0	-39
26007	-24.0	-24.0	-24.0	-32	-32	-32.0	-32
26009	-32.0	-32.0	-32.0	-40	-40	-40.0	-40
26011	-27.0	-27.0	-27.0	-35	-35	-35.0	-35
26015	-21.0	-21.0	-21.0	-29	-29	-29.0	-29
26017	-19.0	-19.0	-19.0	-27	-27	-27.0	-27
26021	-7.0	-7.0	-7.0	-15	-15	-15.0	-15
26023	-12.0	-12.0	-12.0	-20	-20	-20.0	-20
26025	-10.0	-10.0	-10.0	-18	-18	-18.0	-18
26027	-7.0	-7.0	-7.0	-15	-15	-15.0	-15
26029	-21.0	-21.0	-21.0	-29	-29	-29.0	-29
26031	-11.0	-11.0	-11.0	-19	-19	-19.0	-19
26035	-17.0	-17.0	-17.0	-25	-25	-25.0	-25
26037	-9.0	-9.0	-9.0	-17	-17	-17.0	-17
26039	-14.0	-14.0	-14.0	-22	-22	-22.0	-22
26041	-16.0	-16.0	-16.0	-24	-24	-24.0	-24
26043	-10.0	-10.0	-10.0	-18	-18	-18.0	-18
26045	-9.0	-9.0	-9.0	-17	-17	-17.0	-17
26047	-8.0	-8.0	-8.0	-16	-16	-16.0	-16
26049	-2.0	-2.0	-2.0	-10	-10	-10.0	-10
26051	-27.0	-27.0	-27.0	-35	-35	-35.0	-35
26053	-3.0	-3.0	-3.0	-11	-11	-11.0	-11
26055	-9.0	-9.0	-9.0	-17	-17	-17.0	-17
26057	-26.0	-26.0	-26.0	-34	-34	-34.0	-34
26059	-5.0	-5.0	-5.0	-13	-13	-13.0	-13
26063	-27.0	-27.0	-27.0	-35	-35	-35.0	-35
26065	-8.0	-8.0	-8.0	-16	-16	-16.0	-16
26067	-14.0	-14.0	-14.0	-22	-22	-22.0	-22
26069	-11.0	-11.0	-11.0	-19	-19	-19.0	-19
26073	-5.0	-5.0	-5.0	-13	-13	-13.0	-13
26075	-6.0	-6.0	-6.0	-14	-14	-14.0	-14
26077	-6.0	-6.0	-6.0	-14	-14	-14.0	-14
26079	-7.0	-7.0	-7.0	-15	-15	-15.0	-15
26081	-6.0	-6.0	-6.0	-14	-14	-14.0	-14
26091	-34.0	-34.0	-34.0	-42	-42	-42.0	-42
26093	-5.0	-5.0	-5.0	-13	-13	-13.0	-13
26099	1.0	1.0	1.0	-7	-7	-7.0	-7
26103	-11.0	-11.0	-11.0	-19	-19	-19.0	-19
26107	-2.0	-2.0	-2.0	-10	-10	-10.0	-10
26111	-15.0	-15.0	-15.0	-23	-23	-23.0	-23
26113	-5.0	-5.0	-5.0	-13	-13	-13.0	-13
26115	-16.0	-16.0	-16.0	-24	-24	-24.0	-24
26117	-14.0	-14.0	-14.0	-22	-22	-22.0	-22
26121	-5.0	-5.0	-5.0	-13	-13	-13.0	-13
26125	3.0	3.0	3.0	-5	-5	-5.0	-5
26127	-14.0	-14.0	-14.0	-22	-22	-22.0	-22
26135	-27.0	-27.0	-27.0	-35	-35	-35.0	-35
26137	-11.0	-11.0	-11.0	-19	-19	-19.0	-19
26139	-16.0	-16.0	-16.0	-24	-24	-24.0	-24
26145	-13.0	-13.0	-13.0	-21	-21	-21.0	-21
26149	-21.0	-21.0	-21.0	-29	-29	-29.0	-29
26151	-8.0	-8.0	-8.0	-16	-16	-16.0	-16
26155	-19.0	-19.0	-19.0	-27	-27	-27.0	-27
26157	-5.0	-5.0	-5.0	-13	-13	-13.0	-13
26159	-9.0	-9.0	-9.0	-17	-17	-17.0	-17
26161	0.0	0.0	0.0	-8	-8	-8.0	-8
26163	6.0	6.0	6.0	-2	-2	-2.0	-2
26165	-18.0	-18.0	-18.0	-26	-26	-26.0	-26
27003	-21.0	-21.0	-21.0	-30	-31	-31.0	-32
27009	-35.0	-35.0	-35.0	-44	-45	-45.0	-46
27015	-14.0	-14.0	-14.0	-23	-24	-24.0	-25
27019	-43.0	-43.0	-43.0	-52	-53	-53.0	-54
27021	-44.0	-44.0	-44.0	-53	-54	-54.0	-55
27025	-7.0	-7.0	-7.0	-16	-17	-17.0	-18
27027	-19.0	-19.0	-19.0	-28	-29	-29.0	-30
27035	-32.0	-32.0	-32.0	-41	-42	-42.0	-43
27037	-5.0	-5.0	-5.0	-14	-15	-15.0	-16
27045	-27.0	-27.0	-27.0	-36	-37	-37.0	-38
27053	-1.0	-1.0	-1.0	-10	-11	-11.0	-12
27067	-32.0	-32.0	-32.0	-41	-42	-42.0	-43
27087	-40.0	-40.0	-40.0	-49	-50	-50.0	-51
27091	0.0	0.0	0.0	-9	-10	-10.0	-11
27095	-23.0	-23.0	-23.0	-32	-33	-33.0	-34
27103	-15.0	-15.0	-15.0	-24	-25	-25.0	-26
27105	-26.0	-26.0	-26.0	-35	-36	-36.0	-37
27109	-6.0	-6.0	-6.0	-15	-16	-16.0	-17
27119	-43.0	-43.0	-43.0	-52	-53	-53.0	-54
27123	7.0	7.0	7.0	-2	-3	-3.0	-4
27131	-21.0	-21.0	-21.0	-30	-31	-31.0	-32
27137	-13.0	-13.0	-13.0	-22	-23	-23.0	-24
27139	-7.0	-7.0	-7.0	-16	-17	-17.0	-18
27141	-39.0	-39.0	-39.0	-48	-49	-49.0	-50
27145	-38.0	-38.0	-38.0	-47	-48	-48.0	-49
27163	-11.0	-11.0	-11.0	-20	-21	-21.0	-22
27167	-12.0	-12.0	-12.0	-21	-22	-22.0	-23
27169	-5.0	-5.0	-5.0	-14	-15	-15.0	-16
27171	-15.0	-15.0	-15.0	-24	-25	-25.0	-26
28001	-3.0	-15.0	-15.0	-20	-15	-15.0	-24
28003	-23.0	-35.0	-35.0	-40	-35	-35.0	-44
28007	-26.0	-38.0	-38.0	-43	-38	-38.0	-47
28011	6.0	-6.0	-6.0	-11	-6	-6.0	-15
28013	-8.0	-20.0	-20.0	-25	-20	-20.0	-29
28015	-10.0	-22.0	-22.0	-27	-22	-22.0	-31
28017	4.0	-8.0	-8.0	-13	-8	-8.0	-17
28019	1.0	-11.0	-11.0	-16	-11	-11.0	-20
28023	-2.0	-14.0	-14.0	-19	-14	-14.0	-23
28025	-11.0	-23.0	-23.0	-28	-23	-23.0	-32
28027	2.0	-10.0	-10.0	-15	-10	-10.0	-19
28029	-10.0	-22.0	-22.0	-27	-22	-22.0	-31
28031	-32.0	-44.0	-44.0	-49	-44	-44.0	-53
28033	8.0	-4.0	-4.0	-9	-4	-4.0	-13
28035	1.0	-11.0	-11.0	-16	-11	-11.0	-20
28037	-19.0	-31.0	-31.0	-36	-31	-31.0	-40
28039	-12.0	-24.0	-24.0	-29	-24	-24.0	-33
28041	-18.0	-30.0	-30.0	-35	-30	-30.0	-39
28043	-27.0	-39.0	-39.0	-44	-39	-39.0	-48
28045	18.0	6.0	6.0	1	6	6.0	-3
28047	8.0	-4.0	-4.0	-9	-4	-4.0	-13
28049	-2.0	-14.0	-14.0	-19	-14	-14.0	-23
28051	12.0	0.0	0.0	-5	0	0.0	-9
28053	5.0	-7.0	-7.0	-12	-7	-7.0	-16
28057	-11.0	-23.0	-23.0	-28	-23	-23.0	-32
28059	5.0	-7.0	-7.0	-12	-7	-7.0	-16
28061	-11.0	-23.0	-23.0	-28	-23	-23.0	-32
28065	-8.0	-20.0	-20.0	-25	-20	-20.0	-29
28067	-20.0	-32.0	-32.0	-37	-32	-32.0	-41
28069	-20.0	-32.0	-32.0	-37	-32	-32.0	-41
28071	-10.0	-7.0	-7.0	-12	-7	-7.0	-16
28073	-1.0	-13.0	-13.0	-18	-13	-13.0	-22
28075	-4.0	-10.0	-10.0	-15	-10	-10.0	-19
28079	-8.0	-20.0	-20.0	-25	-20	-20.0	-29
28081	8.0	-4.0	-4.0	-9	-4	-4.0	-13
28083	7.0	-5.0	-5.0	-10	-5	-5.0	-14
28085	-1.0	-13.0	-13.0	-18	-13	-13.0	-22
28087	-11.0	-23.0	-23.0	-28	-23	-23.0	-32
28089	0.0	-12.0	-12.0	-17	-12	-12.0	-21
28091	-13.0	-25.0	-25.0	-30	-25	-25.0	-34
28093	4.0	-8.0	-8.0	-13	-8	-8.0	-17
28095	4.0	-8.0	-8.0	-13	-8	-8.0	-17
28097	6.0	-6.0	-6.0	-11	-6	-6.0	-15
28099	-8.0	-20.0	-20.0	-25	-20	-20.0	-29
28101	-33.0	-45.0	-45.0	-50	-45	-45.0	-54
28103	-26.0	-38.0	-38.0	-43	-38	-38.0	-47
28105	-1.0	-13.0	-13.0	-18	-13	-13.0	-22
28107	6.0	-6.0	-6.0	-11	-6	-6.0	-15
28109	2.0	-10.0	-10.0	-15	-10	-10.0	-19
28111	8.0	-4.0	-4.0	-9	-4	-4.0	-13
28113	-2.0	-14.0	-14.0	-19	-14	-14.0	-23
28115	3.0	-9.0	-9.0	-14	-9	-9.0	-18
28121	11.0	-1.0	-1.0	-6	-1	-1.0	-10
28123	-26.0	-38.0	-38.0	-43	-38	-38.0	-47
28129	-4.0	-16.0	-16.0	-21	-16	-16.0	-25
28133	8.0	-4.0	-4.0	-9	-4	-4.0	-13
28135	-11.0	-23.0	-23.0	-28	-23	-23.0	-32
28139	8.0	-4.0	-4.0	-9	-4	-4.0	-13
28143	12.0	0.0	0.0	-5	0	0.0	-9
28145	-5.0	-17.0	-17.0	-22	-17	-17.0	-26
28149	-9.0	-21.0	-21.0	-26	-21	-21.0	-30
28151	-1.0	-13.0	-13.0	-18	-13	-13.0	-22
28155	12.0	0.0	0.0	-5	0	0.0	-9
28157	12.0	0.0	0.0	-5	0	0.0	-9
28163	4.0	-8.0	-8.0	-13	-8	-8.0	-17
29013	-8.0	-24.0	-24.0	-26	-24	-8.0	-29
29019	7.0	3.0	3.0	1	3	19.0	-2
29021	-3.0	-19.0	-19.0	-21	-19	-3.0	-24
29027	0.0	-16.0	-16.0	-18	-16	0.0	-21
29029	9.0	-7.0	-7.0	-9	-7	9.0	-12
29031	-2.0	-18.0	-18.0	-20	-18	-2.0	-23
29035	1.0	-15.0	-15.0	-17	-15	1.0	-20
29037	-8.0	-11.0	-11.0	-13	-11	5.0	-16
29047	-14.0	-17.0	-17.0	-19	-17	-1.0	-22
29051	-15.0	-17.0	-17.0	-19	-17	-1.0	-22
29069	-9.0	-25.0	-25.0	-27	-25	-9.0	-30
29071	0.0	-16.0	-16.0	-18	-16	0.0	-21
29077	2.0	-3.0	-3.0	-5	-3	13.0	-8
29083	8.0	-8.0	-8.0	-10	-8	8.0	-13
29095	4.0	1.0	1.0	-1	1	17.0	-4
29107	7.0	-9.0	-9.0	-11	-9	7.0	-14
29111	-16.0	-32.0	-32.0	-34	-32	-16.0	-37
29113	-2.0	-18.0	-18.0	-20	-18	-2.0	-23
29115	-8.0	-24.0	-24.0	-26	-24	-8.0	-29
29145	-16.0	-32.0	-32.0	-34	-32	-16.0	-37
29155	-17.0	-33.0	-33.0	-35	-33	-17.0	-38
29169	-4.0	-20.0	-20.0	-22	-20	-4.0	-25
29183	12.0	-4.0	-4.0	-6	-4	12.0	-9
29186	-2.0	-18.0	-18.0	-20	-18	-2.0	-23
29187	-2.0	-18.0	-18.0	-20	-18	-2.0	-23
29189	3.0	1.0	1.0	-1	1	17.0	-4
29201	-12.0	-28.0	-28.0	-30	-28	-12.0	-33
29213	-3.0	-19.0	-19.0	-21	-19	-3.0	-24
29221	-19.0	-35.0	-35.0	-37	-35	-19.0	-40
29510	13.0	-3.0	-3.0	-5	-3	13.0	-8
30013	-21.0	-21.0	-21.0	-33	-29	-29.0	-33
30029	-19.0	-19.0	-19.0	-31	-27	-27.0	-31
30031	-31.0	-31.0	-31.0	-43	-39	-39.0	-43
30057	0.0	0.0	0.0	-12	-8	-8.0	-12
30063	-19.0	-19.0	-19.0	-31	-27	-27.0	-31
30101	-2.0	-2.0	-2.0	-14	-10	-10.0	-14
30111	-21.0	-21.0	-21.0	-33	-29	-29.0	-33
31001		-41.0	-41.0	-41	-25	-25.0	-44
31019		-12.0	-12.0	-12	4	4.0	-15
31037		-52.0	-52.0	-52	-36	-36.0	-55
31041		-41.0	-41.0	-41	-25	-25.0	-44
31043		-41.0	-41.0	-41	-25	-25.0	-44
31047		-43.0	-43.0	-43	-27	-27.0	-46
31055		-8.0	-8.0	-8	8	8.0	-11
31059		-41.0	-41.0	-41	-25	-25.0	-44
31067		-14.0	-14.0	-14	2	2.0	-17
31079		-8.0	-8.0	-8	8	8.0	-11
31081		-41.0	-41.0	-41	-25	-25.0	-44
31109		-41.0	-41.0	-41	-25	-25.0	-44
31111		-11.0	-11.0	-11	5	5.0	-14
31119		-13.0	-13.0	-13	3	3.0	-16
31153		-43.0	-43.0	-43	-27	-27.0	-46
31155		-50.0	-50.0	-50	-34	-34.0	-53
31159		-41.0	-41.0	-41	-25	-25.0	-44
31177		-41.0	-41.0	-41	-25	-25.0	-44
32001	-19.0	-27.0	-27.0	-35	-31	-31.0	-35
32003	16.0	8.0	8.0	0	4	4.0	0
32007	-3.0	-11.0	-11.0	-19	-15	-15.0	-19
32013	-15.0	-23.0	-23.0	-31	-27	-27.0	-31
32031	3.0	-5.0	-5.0	-13	-9	-9.0	-13
32510	-22.0	-30.0	-30.0	-38	-34	-34.0	-38
33005	-11.0	-14.0	-14.0	-22	-22	-11.0	-22
33009	-35.0	-38.0	-38.0	-46	-46	-35.0	-46
33011	4.0	1.0	1.0	-7	-7	4.0	-7
33013	-12.0	-15.0	-15.0	-23	-23	-12.0	-23
33015	-2.0	-5.0	-5.0	-13	-13	-2.0	-13
33017	-26.0	-29.0	-29.0	-37	-37	-26.0	-37
34001	-12.0	-17.0	-17.0	-15	-17	-17.0	-17
34003	12.0	7.0	7.0	9	7	7.0	7
34005	-5.0	-10.0	-10.0	-8	-10	-10.0	-10
34007	-3.0	-8.0	-8.0	-6	-8	-8.0	-8
34009	-15.0	-20.0	-20.0	-18	-20	-20.0	-20
34011	-11.0	-16.0	-16.0	-14	-16	-16.0	-16
34013	2.0	-3.0	-3.0	-1	-3	-3.0	-3
34015	-6.0	-11.0	-11.0	-9	-11	-11.0	-11
34017	2.0	-3.0	-3.0	-1	-3	-3.0	-3
34019	-14.0	-19.0	-19.0	-17	-19	-19.0	-19
34021	-10.0	-15.0	-15.0	-13	-15	-15.0	-15
34023	-1.0	-6.0	-6.0	-4	-6	-6.0	-6
34025	6.0	1.0	1.0	3	1	1.0	1
34027	0.0	-5.0	-5.0	-3	-5	-5.0	-5
34029	2.0	-3.0	-3.0	-1	-3	-3.0	-3
34031	-1.0	-6.0	-6.0	-4	-6	-6.0	-6
34033	-10.0	-15.0	-15.0	-13	-15	-15.0	-15
34035	-1.0	-6.0	-6.0	-4	-6	-6.0	-6
34037	-7.0	-12.0	-12.0	-10	-12	-12.0	-12
34039	-3.0	-8.0	-8.0	-6	-8	-8.0	-8
35001	-4.0	-10.0	-10.0	-12	-10	-10.0	-12
35003	-32.0	-38.0	-38.0	-40	-38	-38.0	-40
35005	-29.0	-35.0	-35.0	-37	-35	-35.0	-37
35006	-19.0	-25.0	-25.0	-27	-25	-25.0	-27
35013	-19.0	-25.0	-25.0	-27	-25	-25.0	-27
35015	-2.0	-8.0	-8.0	-10	-8	-8.0	-10
35029	-37.0	-43.0	-43.0	-45	-43	-43.0	-45
35031	-11.0	-17.0	-17.0	-19	-17	-17.0	-19
35037	-27.0	-33.0	-33.0	-35	-33	-33.0	-35
35043	-8.0	-14.0	-14.0	-16	-14	-14.0	-16
35045	-18.0	-24.0	-24.0	-26	-24	-24.0	-26
35049	-43.0	-49.0	-49.0	-51	-49	-49.0	-51
35053	-24.0	-30.0	-30.0	-32	-30	-30.0	-32
35057	-44.0	-50.0	-50.0	-52	-50	-50.0	-52
35061	-40.0	-46.0	-46.0	-48	-46	-46.0	-48
36001	-7.0	-13.0	-16.0	-11	-13	-13.0	-13
36003	-8.0	-14.0	-17.0	-12	-14	-14.0	-14
36007	1.0	-5.0	-8.0	-3	-5	-5.0	-5
36009	-33.0	-39.0	-42.0	-37	-39	-39.0	-39
36011	-16.0	-22.0	-25.0	-20	-22	-22.0	-22
36013	-8.0	-14.0	-17.0	-12	-14	-14.0	-14
36015	-17.0	-23.0	-26.0	-21	-23	-23.0	-23
36017	-40.0	-46.0	-49.0	-44	-46	-46.0	-46
36019	-21.0	-27.0	-30.0	-25	-27	-27.0	-27
36021	-6.0	-12.0	-15.0	-10	-12	-12.0	-12
36023	-19.0	-25.0	-28.0	-23	-25	-25.0	-25
36025	-11.0	-17.0	-20.0	-15	-17	-17.0	-17
36027	1.0	-5.0	-8.0	-3	-5	-5.0	-5
36029	-2.0	-8.0	-11.0	-6	-8	-8.0	-8
36035	-17.0	-23.0	-26.0	-21	-23	-23.0	-23
36037	-8.0	-14.0	-17.0	-12	-14	-14.0	-14
36039	-28.0	-34.0	-37.0	-32	-34	-34.0	-34
36041	-46.0	-52.0	-55.0	-50	-52	-52.0	-52
36043	-5.0	-11.0	-14.0	-9	-11	-11.0	-11
36047	8.0	2.0	-1.0	4	2	2.0	2
36049	-20.0	-26.0	-29.0	-24	-26	-26.0	-26
36051	-9.0	-15.0	-18.0	-13	-15	-15.0	-15
36053	-2.0	-8.0	-11.0	-6	-8	-8.0	-8
36055	5.0	-1.0	-4.0	1	-1	-1.0	-1
36057	-13.0	-19.0	-22.0	-17	-19	-19.0	-19
36059	6.0	0.0	-3.0	2	0	0.0	0
36063	-17.0	-23.0	-26.0	-21	-23	-23.0	-23
36065	-9.0	-15.0	-18.0	-13	-15	-15.0	-15
36067	-3.0	-9.0	-12.0	-7	-9	-9.0	-9
36069	-21.0	-27.0	-30.0	-25	-27	-27.0	-27
36071	-3.0	-9.0	-12.0	-7	-9	-9.0	-9
36073	-28.0	-34.0	-37.0	-32	-34	-34.0	-34
36075	-16.0	-22.0	-25.0	-20	-22	-22.0	-22
36077	-5.0	-11.0	-14.0	-9	-11	-11.0	-11
36079	-10.0	-16.0	-19.0	-14	-16	-16.0	-16
36081	0.0	-6.0	-9.0	-4	-6	-6.0	-6
36083	-11.0	-17.0	-20.0	-15	-17	-17.0	-17
36087	8.0	2.0	-1.0	4	2	2.0	2
36089	-18.0	-24.0	-27.0	-22	-24	-24.0	-24
36091	-16.0	-22.0	-25.0	-20	-22	-22.0	-22
36093	-4.0	-10.0	-13.0	-8	-10	-10.0	-10
36095	-22.0	-28.0	-31.0	-26	-28	-28.0	-28
36099	-20.0	-26.0	-29.0	-24	-26	-26.0	-26
36101	-11.0	-17.0	-20.0	-15	-17	-17.0	-17
36103	6.0	0.0	-3.0	2	0	0.0	0
36105	-9.0	-15.0	-18.0	-13	-15	-15.0	-15
36107	-28.0	-34.0	-37.0	-32	-34	-34.0	-34
36111	-7.0	-13.0	-16.0	-11	-13	-13.0	-13
36113	-13.0	-19.0	-22.0	-17	-19	-19.0	-19
36115	-13.0	-19.0	-22.0	-17	-19	-19.0	-19
36117	-24.0	-30.0	-33.0	-28	-30	-30.0	-30
36119	0.0	-6.0	-9.0	-4	-6	-6.0	-6
36123	-31.0	-37.0	-40.0	-35	-37	-37.0	-37
37001	-25.0	-32.0	-43.0	-39	-38	-32.0	-39
37015	-3.0	-10.0	-21.0	-17	-16	-10.0	-17
37017	-37.0	-44.0	-55.0	-51	-50	-44.0	-51
37019	-6.0	-13.0	-24.0	-20	-19	-13.0	-20
37021	0.0	-7.0	-18.0	-14	-13	-7.0	-14
37023	-6.0	-13.0	-24.0	-20	-19	-13.0	-20
37025	5.0	-2.0	-13.0	-9	-8	-2.0	-9
37031	-10.0	-17.0	-28.0	-24	-23	-17.0	-24
37033	-39.0	-46.0	-57.0	-53	-52	-46.0	-53
37035	-6.0	-13.0	-24.0	-20	-19	-13.0	-20
37037	-22.0	-29.0	-40.0	-36	-35	-29.0	-36
37039	-2.0	-9.0	-20.0	-16	-15	-9.0	-16
37045	-16.0	-23.0	-34.0	-30	-29	-23.0	-30
37047	-8.0	-15.0	-26.0	-22	-21	-15.0	-22
37049	-11.0	-18.0	-29.0	-25	-24	-18.0	-25
37051	-10.0	-17.0	-28.0	-24	-23	-17.0	-24
37055	-12.0	-19.0	-30.0	-26	-25	-19.0	-26
37057	-8.0	-15.0	-26.0	-22	-21	-15.0	-22
37059	-3.0	-10.0	-21.0	-17	-16	-10.0	-17
37061	-34.0	-41.0	-52.0	-48	-47	-41.0	-48
37063	-6.0	-13.0	-24.0	-20	-19	-13.0	-20
37065	-10.0	-17.0	-28.0	-24	-23	-17.0	-24
37067	-1.0	-8.0	-19.0	-15	-14	-8.0	-15
37071	-3.0	-10.0	-21.0	-17	-16	-10.0	-17
37077	-15.0	-22.0	-33.0	-29	-28	-22.0	-29
37079	-40.0	-47.0	-58.0	-54	-53	-47.0	-54
37081	-2.0	-9.0	-20.0	-16	-15	-9.0	-16
37083	-18.0	-25.0	-36.0	-32	-31	-25.0	-32
37085	3.0	-4.0	-15.0	-11	-10	-4.0	-11
37089	-8.0	-15.0	-26.0	-22	-21	-15.0	-22
37091	-8.0	-15.0	-26.0	-22	-21	-15.0	-22
37097	-9.0	-16.0	-27.0	-23	-22	-16.0	-23
37099	-37.0	-44.0	-55.0	-51	-50	-44.0	-51
37103	-12.0	-19.0	-30.0	-26	-25	-19.0	-26
37105	-33.0	-40.0	-51.0	-47	-46	-40.0	-47
37107	-24.0	-31.0	-42.0	-38	-37	-31.0	-38
37111	-26.0	-33.0	-44.0	-40	-39	-33.0	-40
37113	-8.0	-15.0	-26.0	-22	-21	-15.0	-22
37117	-35.0	-42.0	-53.0	-49	-48	-42.0	-49
37119	0.0	-7.0	-18.0	-14	-13	-7.0	-14
37123	-3.0	-10.0	-21.0	-17	-16	-10.0	-17
37125	-22.0	-29.0	-40.0	-36	-35	-29.0	-36
37127	-11.0	-18.0	-29.0	-25	-24	-18.0	-25
37129	-15.0	-22.0	-33.0	-29	-28	-22.0	-29
37131	-17.0	-24.0	-35.0	-31	-30	-24.0	-31
37133	-1.0	-8.0	-19.0	-15	-14	-8.0	-15
37135	-10.0	-17.0	-28.0	-24	-23	-17.0	-24
37139	-22.0	-29.0	-40.0	-36	-35	-29.0	-36
37141	-36.0	-43.0	-54.0	-50	-49	-43.0	-50
37143	-33.0	-40.0	-51.0	-47	-46	-40.0	-47
37145	-30.0	-37.0	-48.0	-44	-43	-37.0	-44
37147	-11.0	-18.0	-29.0	-25	-24	-18.0	-25
37151	-5.0	-12.0	-23.0	-19	-18	-12.0	-19
37153	-12.0	-19.0	-30.0	-26	-25	-19.0	-26
37155	-25.0	-32.0	-43.0	-39	-38	-32.0	-39
37157	-3.0	-10.0	-21.0	-17	-16	-10.0	-17
37159	2.0	-5.0	-16.0	-12	-11	-5.0	-12
37161	-10.0	-17.0	-28.0	-24	-23	-17.0	-24
37163	-36.0	-43.0	-54.0	-50	-49	-43.0	-50
37167	-11.0	-18.0	-29.0	-25	-24	-18.0	-25
37171	-33.0	-40.0	-51.0	-47	-46	-40.0	-47
37179	-11.0	-18.0	-29.0	-25	-24	-18.0	-25
37181	-16.0	-23.0	-34.0	-30	-29	-23.0	-30
37183	-17.0	-24.0	-35.0	-31	-30	-24.0	-31
37187	-10.0	-17.0	-28.0	-24	-23	-17.0	-24
37191	-15.0	-22.0	-33.0	-29	-28	-22.0	-29
37193	-3.0	-10.0	-21.0	-17	-16	-10.0	-17
37195	-5.0	-12.0	-23.0	-19	-18	-12.0	-19
37197	-16.0	-23.0	-34.0	-30	-29	-23.0	-30
38017				-11	-8	-8.0	-11
38029				-22	-19	-19.0	-22
38049				-14	-11	-11.0	-14
38059				-14	-11	-11.0	-14
38089				-24	-21	-21.0	-24
38101				-27	-24	-24.0	-27
39003	-15.0	-23.0	-23.0	-21	-23	-16.0	-22
39007	-20.0	-28.0	-28.0	-26	-28	-21.0	-27
39009	-7.0	-15.0	-15.0	-13	-15	-8.0	-14
39011	-17.0	-25.0	-25.0	-23	-25	-18.0	-24
39013	-14.0	-22.0	-22.0	-20	-22	-15.0	-21
39015	-8.0	-16.0	-16.0	-14	-16	-9.0	-15
39017	-11.0	-19.0	-19.0	-17	-19	-12.0	-18
39019	-32.0	-40.0	-40.0	-38	-40	-33.0	-39
39021	-19.0	-27.0	-27.0	-25	-27	-20.0	-26
39023	-31.0	-39.0	-39.0	-37	-39	-32.0	-38
39029	-3.0	-11.0	-11.0	-9	-11	-4.0	-10
39033	-41.0	-49.0	-49.0	-47	-49	-42.0	-48
39037	-8.0	-16.0	-16.0	-14	-16	-9.0	-15
39039	-31.0	-39.0	-39.0	-37	-39	-32.0	-38
39041	-7.0	-15.0	-15.0	-13	-15	-8.0	-14
39043	2.0	-6.0	-6.0	-4	-6	1.0	-5
39045	-22.0	-30.0	-30.0	-28	-30	-23.0	-29
39053	-1.0	-9.0	-9.0	-7	-9	-2.0	-8
39055	-16.0	-24.0	-24.0	-22	-24	-17.0	-23
39061	-10.0	-18.0	-18.0	-16	-18	-11.0	-17
39063	-18.0	-26.0	-26.0	-24	-26	-19.0	-25
39071	-43.0	-51.0	-51.0	-49	-51	-44.0	-50
39073	-30.0	-38.0	-38.0	-36	-38	-31.0	-37
39075	-28.0	-36.0	-36.0	-34	-36	-29.0	-35
39077	-7.0	-15.0	-15.0	-13	-15	-8.0	-14
39081	-30.0	-38.0	-38.0	-36	-38	-31.0	-37
39083	-10.0	-18.0	-18.0	-16	-18	-11.0	-17
39085	-5.0	-13.0	-13.0	-11	-13	-6.0	-12
39089	-11.0	-19.0	-19.0	-17	-19	-12.0	-18
39093	-6.0	-14.0	-14.0	-12	-14	-7.0	-13
39095	3.0	-5.0	-5.0	-3	-5	2.0	-4
39097	-9.0	-17.0	-17.0	-15	-17	-10.0	-16
39099	-3.0	-11.0	-11.0	-9	-11	-4.0	-10
39101	-24.0	-32.0	-32.0	-30	-32	-25.0	-31
39103	-6.0	-14.0	-14.0	-12	-14	-7.0	-13
39107	-12.0	-20.0	-20.0	-18	-20	-13.0	-19
39109	-2.0	-10.0	-10.0	-8	-10	-3.0	-9
39117	-35.0	-43.0	-43.0	-41	-43	-36.0	-42
39123	-39.0	-47.0	-47.0	-45	-47	-40.0	-46
39127	-43.0	-51.0	-51.0	-49	-51	-44.0	-50
39129	-24.0	-32.0	-32.0	-30	-32	-25.0	-31
39133	-7.0	-15.0	-15.0	-13	-15	-8.0	-14
39135	-17.0	-25.0	-25.0	-23	-25	-18.0	-24
39137	-30.0	-38.0	-38.0	-36	-38	-31.0	-37
39139	-17.0	-25.0	-25.0	-23	-25	-18.0	-24
39141	-30.0	-38.0	-38.0	-36	-38	-31.0	-37
39143	-16.0	-24.0	-24.0	-22	-24	-17.0	-23
39147	-8.0	-16.0	-16.0	-14	-16	-9.0	-15
39149	-33.0	-41.0	-41.0	-39	-41	-34.0	-40
39151	0.0	-8.0	-8.0	-6	-8	-1.0	-7
39153	-4.0	-12.0	-12.0	-10	-12	-5.0	-11
39155	-3.0	-11.0	-11.0	-9	-11	-4.0	-10
39157	-44.0	-52.0	-52.0	-50	-52	-45.0	-51
39165	-20.0	-28.0	-28.0	-26	-28	-21.0	-27
39167	-18.0	-26.0	-26.0	-24	-26	-19.0	-25
39169	-17.0	-25.0	-25.0	-23	-25	-18.0	-24
39171	-23.0	-31.0	-31.0	-29	-31	-24.0	-30
39173	-16.0	-24.0	-24.0	-22	-24	-17.0	-23
39175	-17.0	-25.0	-25.0	-23	-25	-18.0	-24
40001		-9.0	-9.0	-21	-6	-6.0	-22
40013		-23.0	-23.0	-35	-20	-20.0	-36
40015		-17.0	-17.0	-29	-14	-14.0	-30
40017		-2.0	-2.0	-14	1	1.0	-15
40019		-29.0	-29.0	-41	-26	-26.0	-42
40021		-9.0	-9.0	-21	-6	-6.0	-22
40027		5.0	5.0	-7	8	8.0	-8
40031		-23.0	-23.0	-35	-20	-20.0	-36
40033		-24.0	-24.0	-36	-21	-21.0	-37
40037		1.0	1.0	-11	4	4.0	-12
40041		-18.0	-18.0	-30	-15	-15.0	-31
40047		-12.0	-12.0	-24	-9	-9.0	-25
40049		-31.0	-31.0	-43	-28	-28.0	-44
40051		-17.0	-17.0	-29	-14	-14.0	-30
40055		-3.0	-3.0	-15	0	0.0	-16
40065		-43.0	-43.0	-55	-40	-40.0	-56
40071		-3.0	-3.0	-15	0	0.0	-16
40077		-6.0	-6.0	-18	-3	-3.0	-19
40079		-40.0	-40.0	-52	-37	-37.0	-53
40081		-34.0	-34.0	-46	-31	-31.0	-47
40083		-31.0	-31.0	-43	-28	-28.0	-44
40087		-32.0	-32.0	-44	-29	-29.0	-45
40093		-16.0	-16.0	-28	-13	-13.0	-29
40097		-3.0	-3.0	-15	0	0.0	-16
40101		-2.0	-2.0	-14	1	1.0	-15
40109		4.0	4.0	-8	-8	-8.0	-9
40113		-4.0	-4.0	-16	-1	-1.0	-17
40115		-27.0	-27.0	-39	-24	-24.0	-40
40117		7.0	7.0	-5	10	10.0	-6
40119		-27.0	-27.0	-39	-24	-24.0	-40
40121		-16.0	-16.0	-28	-13	-13.0	-29
40123		-16.0	-16.0	-28	-13	-13.0	-29
40125		-8.0	-8.0	-20	-5	-5.0	-21
40131		-16.0	-16.0	-28	-13	-13.0	-29
40133		-7.0	-7.0	-19	-4	-4.0	-20
40135		1.0	1.0	-11	4	4.0	-12
40137		-4.0	-4.0	-16	-1	-1.0	-17
40139		-17.0	-17.0	-29	-14	-14.0	-30
40143		11.0	11.0	-1	14	14.0	-2
40145		1.0	1.0	-11	4	4.0	-12
40147		-6.0	-6.0	-18	-3	-3.0	-19
41003	-8.0	-15.0	-15.0	-15	-14	-14.0	-15
41005	-2.0	-9.0	-9.0	-9	-8	-8.0	-9
41033	-19.0	-26.0	-26.0	-26	-25	-25.0	-26
41039	5.0	-2.0	-2.0	-2	-1	-1.0	-2
41043	0.0	-7.0	-7.0	-7	-6	-6.0	-7
41047	2.0	-5.0	-5.0	-5	-4	-4.0	-5
41051	9.0	2.0	2.0	2	3	3.0	2
41053	-11.0	-18.0	-18.0	-18	-17	-17.0	-18
41059	-40.0	-47.0	-47.0	-47	-46	-46.0	-47
41065	-34.0	-41.0	-41.0	-41	-40	-40.0	-41
41067	5.0	-2.0	-2.0	-2	-1	-1.0	-2
41071	-5.0	-12.0	-12.0	-12	-11	-11.0	-12
42001	-8.0	-17.0	-17.0	-24	-23	-23.0	-24
42003	2.0	2.0	2.0	-5	-4	-4.0	-5
42005	-10.0	-19.0	-19.0	-26	-25	-25.0	-26
42007	-3.0	-8.0	-8.0	-15	-14	-14.0	-15
42009	-10.0	-19.0	-19.0	-26	-25	-25.0	-26
42011	-6.0	-10.0	-10.0	-17	-16	-16.0	-17
42015	-18.0	-27.0	-27.0	-34	-33	-33.0	-34
42017	-6.0	-6.0	-6.0	-13	-12	-12.0	-13
42019	1.0	-3.0	-3.0	-10	-9	-9.0	-10
42021	-6.0	-15.0	-15.0	-22	-21	-21.0	-22
42025	1.0	-8.0	-8.0	-15	-14	-14.0	-15
42027	-20.0	-25.0	-25.0	-32	-31	-31.0	-32
42029	-8.0	-8.0	-8.0	-15	-14	-14.0	-15
42031	-17.0	-26.0	-26.0	-33	-32	-32.0	-33
42041	4.0	-5.0	-5.0	-12	-11	-11.0	-12
42045	-3.0	-3.0	-3.0	-10	-9	-9.0	-10
42047	-36.0	-45.0	-45.0	-52	-51	-51.0	-52
42049	-35.0	-36.0	-36.0	-43	-42	-42.0	-43
42051	0.0	-9.0	-9.0	-16	-15	-15.0	-16
42055	-22.0	-31.0	-31.0	-38	-37	-37.0	-38
42059	-32.0	-41.0	-41.0	-48	-47	-47.0	-48
42063	-14.0	-23.0	-23.0	-30	-29	-29.0	-30
42067	-28.0	-37.0	-37.0	-44	-43	-43.0	-44
42069	4.0	0.0	0.0	-7	-6	-6.0	-7
42071	-1.0	-5.0	-5.0	-12	-11	-11.0	-12
42073	3.0	-6.0	-6.0	-13	-12	-12.0	-13
42075	-9.0	-18.0	-18.0	-25	-24	-24.0	-25
42077	-1.0	-3.0	-3.0	-10	-9	-9.0	-10
42079	2.0	-2.0	-2.0	-9	-8	-8.0	-9
42081	-30.0	-39.0	-39.0	-46	-45	-45.0	-46
42083	-36.0	-45.0	-45.0	-52	-51	-51.0	-52
42085	-16.0	-25.0	-25.0	-32	-31	-31.0	-32
42089	0.0	0.0	0.0	-7	-6	-6.0	-7
42091	0.0	0.0	0.0	-7	-6	-6.0	-7
42095	7.0	5.0	5.0	-2	-1	-1.0	-2
42099	-2.0	-11.0	-11.0	-18	-17	-17.0	-18
42103	-1.0	-5.0	-5.0	-12	-11	-11.0	-12
42107	-8.0	-17.0	-17.0	-24	-23	-23.0	-24
42109	1.0	-8.0	-8.0	-15	-14	-14.0	-15
42111	-31.0	-40.0	-40.0	-47	-46	-46.0	-47
42117	-10.0	-19.0	-19.0	-26	-25	-25.0	-26
42119	-34.0	-43.0	-43.0	-50	-49	-49.0	-50
42125	-17.0	-22.0	-22.0	-29	-28	-28.0	-29
42127	-15.0	-19.0	-19.0	-26	-25	-25.0	-26
42129	-12.0	-16.0	-16.0	-23	-22	-22.0	-23
42131	-16.0	-25.0	-25.0	-32	-31	-31.0	-32
42133	-6.0	-10.0	-10.0	-17	-16	-16.0	-17
44001	-42.0	-54.0	-54.0	-54	-47	-47.0	-54
44003	-28.0	-40.0	-40.0	-40	-33	-33.0	-40
44005	-39.0	-51.0	-51.0	-51	-44	-44.0	-51
44007	-5.0	-17.0	-17.0	-17	-10	-10.0	-17
44009	-28.0	-40.0	-40.0	-40	-33	-33.0	-40
45003	7.0	-13.0	-13.0	-15	-13	1.0	-15
45005	-16.0	-36.0	-36.0	-38	-36	-22.0	-38
45007	8.0	-12.0	-12.0	-14	-12	2.0	-14
45013	8.0	-12.0	-12.0	-14	-12	2.0	-14
45015	-3.0	-23.0	-23.0	-25	-23	-9.0	-25
45017	7.0	-13.0	-13.0	-15	-13	1.0	-15
45019	17.0	-3.0	-3.0	-5	-3	11.0	-5
45025	-23.0	-43.0	-43.0	-45	-43	-29.0	-45
45027	15.0	-5.0	-5.0	-7	-5	9.0	-7
45029	-8.0	-28.0	-28.0	-30	-28	-14.0	-30
45031	-20.0	-40.0	-40.0	-42	-40	-26.0	-42
45035	-5.0	-25.0	-25.0	-27	-25	-11.0	-27
45037	-13.0	-33.0	-33.0	-35	-33	-19.0	-35
45039	-16.0	-36.0	-36.0	-38	-36	-22.0	-38
45043	3.0	-17.0	-17.0	-19	-17	-3.0	-19
45045	10.0	-10.0	-10.0	-12	-10	4.0	-12
45049	-34.0	-54.0	-54.0	-56	-54	-40.0	-56
45051	14.0	-6.0	-6.0	-8	-6	8.0	-8
45053	-12.0	-32.0	-32.0	-34	-32	-18.0	-34
45055	12.0	-8.0	-8.0	-10	-8	6.0	-10
45057	-7.0	-27.0	-27.0	-29	-27	-13.0	-29
45059	-1.0	-21.0	-21.0	-23	-21	-7.0	-23
45061	5.0	-15.0	-15.0	-17	-15	-1.0	-17
45063	22.0	2.0	2.0	0	2	16.0	0
45065	-1.0	-21.0	-21.0	-23	-21	-7.0	-23
45067	7.0	-13.0	-13.0	-15	-13	1.0	-15
45071	-1.0	-21.0	-21.0	-23	-21	-7.0	-23
45075	-18.0	-38.0	-38.0	-40	-38	-24.0	-40
45077	-22.0	-42.0	-42.0	-44	-42	-28.0	-44
45083	1.0	-19.0	-19.0	-21	-19	-5.0	-21
45085	14.0	-6.0	-6.0	-8	-6	8.0	-8
45089	-24.0	-44.0	-44.0	-46	-44	-30.0	-46
45091	7.0	-13.0	-13.0	-15	-13	1.0	-15
46005				-16	-9		-16
46073				-40	-33		-40
46087				-33	-26		-33
46099				-21	-14		-21
46103				6	13		6
47001	-8.0	-14.0	-14.0	-19	-16	-16.0	-23
47003	-10.0	-16.0	-16.0	-21	-18	-18.0	-25
47005	-23.0	-29.0	-29.0	-34	-31	-31.0	-38
47009	-5.0	-11.0	-11.0	-16	-13	-13.0	-20
47011	-14.0	-20.0	-20.0	-25	-22	-22.0	-29
47013	-15.0	-21.0	-21.0	-26	-23	-23.0	-30
47017	-20.0	-26.0	-26.0	-31	-28	-28.0	-35
47019	-14.0	-20.0	-20.0	-25	-22	-22.0	-29
47035	-29.0	-35.0	-35.0	-40	-37	-37.0	-44
47037	5.0	5.0	5.0	0	3	3.0	-4
47047	-15.0	-21.0	-21.0	-26	-23	-23.0	-30
47051	-9.0	-9.0	-9.0	-14	-11	-11.0	-18
47053	-22.0	-28.0	-28.0	-33	-30	-30.0	-37
47059	-1.0	-7.0	-7.0	-12	-9	-9.0	-16
47061	-14.0	-20.0	-20.0	-25	-22	-22.0	-29
47063	-9.0	-15.0	-15.0	-20	-17	-17.0	-24
47065	6.0	0.0	0.0	-5	-2	-2.0	-9
47075	-9.0	-15.0	-15.0	-20	-17	-17.0	-24
47085	-25.0	-31.0	-31.0	-36	-33	-33.0	-40
47093	1.0	-5.0	-5.0	-10	-7	-7.0	-14
47107	-30.0	-36.0	-36.0	-41	-38	-38.0	-45
47111	-6.0	-12.0	-12.0	-17	-14	-14.0	-21
47113	-19.0	-25.0	-25.0	-30	-27	-27.0	-34
47115	-1.0	-7.0	-7.0	-12	-9	-9.0	-16
47117	-9.0	-15.0	-15.0	-20	-17	-17.0	-24
47123	-16.0	-22.0	-22.0	-27	-24	-24.0	-31
47125	-4.0	-10.0	-10.0	-15	-12	-12.0	-19
47131	-2.0	-8.0	-8.0	-13	-10	-10.0	-17
47141	-16.0	-22.0	-22.0	-27	-24	-24.0	-31
47149	-1.0	-7.0	-7.0	-12	-9	-9.0	-16
47155	-17.0	-23.0	-23.0	-28	-25	-25.0	-32
47157	0.0	-6.0	-6.0	-11	-8	-8.0	-15
47159	-15.0	-21.0	-21.0	-26	-23	-23.0	-30
47163	-2.0	-8.0	-8.0	-13	-10	-10.0	-17
47165	2.0	-4.0	-4.0	-9	-6	-6.0	-13
47167	-34.0	-40.0	-40.0	-45	-42	-42.0	-49
47169	-1.0	-7.0	-7.0	-12	-9	-9.0	-16
47187	-1.0	-7.0	-7.0	-12	-9	-9.0	-16
47189	-9.0	-15.0	-15.0	-20	-17	-17.0	-24
48013	-16.0	-28.0	-35.0	-26	-30	-30.0	-33
48021	-5.0	-17.0	-24.0	-15	-19	-19.0	-22
48027	-2.0	-5.0	-12.0	-3	-7	-7.0	-10
48029	1.0	-2.0	-9.0	0	-4	-4.0	-7
48037	-2.0	-14.0	-21.0	-12	-16	-16.0	-19
48039	1.0	-11.0	-18.0	-9	-13	-13.0	-16
48041	-5.0	-8.0	-15.0	-6	-10	-10.0	-13
48049	-12.0	-24.0	-31.0	-22	-26	-26.0	-29
48057	-17.0	-29.0	-36.0	-27	-31	-31.0	-34
48059	-35.0	-47.0	-54.0	-45	-49	-49.0	-52
48061	-5.0	-17.0	-24.0	-15	-19	-19.0	-22
48069	-2.0	-14.0	-21.0	-12	-16	-16.0	-19
48073	-12.0	-24.0	-31.0	-22	-26	-26.0	-29
48085	5.0	2.0	-5.0	4	0	0.0	-3
48091	7.0	-5.0	-12.0	-3	-7	-7.0	-10
48093	-28.0	-40.0	-47.0	-38	-42	-42.0	-45
48099	-14.0	-26.0	-33.0	-24	-28	-28.0	-31
48101	-37.0	-49.0	-56.0	-47	-51	-51.0	-54
48107	-13.0	-25.0	-32.0	-23	-27	-27.0	-30
48113	4.0	2.0	-5.0	4	0	0.0	-3
48115	-5.0	-17.0	-24.0	-15	-19	-19.0	-22
48121	6.0	-6.0	-13.0	-4	-8	-8.0	-11
48123	-19.0	-31.0	-38.0	-29	-33	-33.0	-36
48135	-6.0	-18.0	-25.0	-16	-20	-20.0	-23
48139	2.0	-10.0	-17.0	-8	-12	-12.0	-15
48141	-17.0	-20.0	-27.0	-18	-22	-22.0	-25
48143	-1.0	-13.0	-20.0	-11	-15	-15.0	-18
48147	-34.0	-46.0	-53.0	-44	-48	-48.0	-51
48149	-22.0	-34.0	-41.0	-32	-36	-36.0	-39
48157	-4.0	-7.0	-14.0	-5	-9	-9.0	-12
48167	-13.0	-16.0	-23.0	-14	-18	-18.0	-21
48177	-23.0	-35.0	-42.0	-33	-37	-37.0	-40
48185	-14.0	-26.0	-33.0	-24	-28	-28.0	-31
48189	-7.0	-19.0	-26.0	-17	-21	-21.0	-24
48195	-32.0	-44.0	-51.0	-42	-46	-46.0	-49
48199	5.0	-7.0	-14.0	-5	-9	-9.0	-12
48201	4.0	1.0	-6.0	3	-1	-1.0	-4
48203	-1.0	-13.0	-20.0	-11	-15	-15.0	-18
48205	-33.0	-45.0	-52.0	-43	-47	-47.0	-50
48209	-14.0	-26.0	-33.0	-24	-28	-28.0	-31
48215	-6.0	-18.0	-25.0	-16	-20	-20.0	-23
48217	-14.0	-26.0	-33.0	-24	-28	-28.0	-31
48219	-1.0	-13.0	-20.0	-11	-15	-15.0	-18
48221	-2.0	-14.0	-21.0	-12	-16	-16.0	-19
48227	-9.0	-21.0	-28.0	-19	-23	-23.0	-26
48231	-12.0	-24.0	-31.0	-22	-26	-26.0	-29
48241	-28.0	-40.0	-47.0	-38	-42	-42.0	-45
48245	-1.0	-13.0	-20.0	-11	-15	-15.0	-18
48251	5.0	-7.0	-14.0	-5	-9	-9.0	-12
48257	-28.0	-40.0	-47.0	-38	-42	-42.0	-45
48273	-12.0	-24.0	-31.0	-22	-26	-26.0	-29
48277	-38.0	-50.0	-57.0	-48	-52	-52.0	-55
48285	-23.0	-35.0	-42.0	-33	-37	-37.0	-40
48291	-32.0	-44.0	-51.0	-42	-46	-46.0	-49
48293	-2.0	-14.0	-21.0	-12	-16	-16.0	-19
48303	1.0	-11.0	-18.0	-9	-13	-13.0	-16
48305	-21.0	-33.0	-40.0	-31	-35	-35.0	-38
48309	-8.0	-11.0	-18.0	-9	-13	-13.0	-16
48317	-33.0	-45.0	-52.0	-43	-47	-47.0	-50
48321	17.0	5.0	-2.0	7	3	3.0	0
48325	-7.0	-19.0	-26.0	-17	-21	-21.0	-24
48329	8.0	-4.0	-11.0	-2	-6	-6.0	-9
48331	-22.0	-34.0	-41.0	-32	-36	-36.0	-39
48337	-19.0	-31.0	-38.0	-29	-33	-33.0	-36
48339	1.0	-11.0	-18.0	-9	-13	-13.0	-16
48341	-18.0	-30.0	-37.0	-28	-32	-32.0	-35
48347	-1.0	-13.0	-20.0	-11	-15	-15.0	-18
48349	0.0	-12.0	-19.0	-10	-14	-14.0	-17
48355	-19.0	-31.0	-38.0	-29	-33	-33.0	-36
48357	-23.0	-35.0	-42.0	-33	-37	-37.0	-40
48359	5.0	-7.0	-14.0	-5	-9	-9.0	-12
48361	-27.0	-39.0	-46.0	-37	-41	-41.0	-44
48363	-9.0	-21.0	-28.0	-19	-23	-23.0	-26
48365	-1.0	-13.0	-20.0	-11	-15	-15.0	-18
48375	-3.0	-15.0	-22.0	-13	-17	-17.0	-20
48381	-4.0	-16.0	-23.0	-14	-18	-18.0	-21
48397	-25.0	-37.0	-44.0	-35	-39	-39.0	-42
48401	-15.0	-27.0	-34.0	-25	-29	-29.0	-32
48405	-1.0	-13.0	-20.0	-11	-15	-15.0	-18
48419	-28.0	-40.0	-47.0	-38	-42	-42.0	-45
48423	8.0	-4.0	-11.0	-2	-6	-6.0	-9
48439	6.0	3.0	-4.0	5	1	1.0	-2
48451	-8.0	-20.0	-27.0	-18	-22	-22.0	-25
48453	6.0	-6.0	-13.0	-4	-8	-8.0	-11
48467	4.0	-8.0	-15.0	-6	-10	-10.0	-13
48469	-13.0	-25.0	-32.0	-23	-27	-27.0	-30
48471	-20.0	-32.0	-39.0	-30	-34	-34.0	-37
48477	-3.0	-15.0	-22.0	-13	-17	-17.0	-20
48479	3.0	-9.0	-16.0	-7	-11	-11.0	-14
48485	-17.0	-29.0	-36.0	-27	-31	-31.0	-34
48489	-3.0	-15.0	-22.0	-13	-17	-17.0	-20
48491	4.0	-8.0	-15.0	-6	-10	-10.0	-13
48493	-13.0	-25.0	-32.0	-23	-27	-27.0	-30
48497	-14.0	-26.0	-33.0	-24	-28	-28.0	-31
48503	-13.0	-25.0	-32.0	-23	-27	-27.0	-30
49003		-32.0	-38.0	-34	-32	-32.0	-34
49011		-4.0	-10.0	-6	-4	-4.0	-6
49021		-8.0	-14.0	-10	-8	-8.0	-10
49037		-30.0	-36.0	-32	-30	-30.0	-32
49049		-19.0	-25.0	-21	-19	-19.0	-21
49051		-24.0	-30.0	-26	-24	-24.0	-26
49053		-38.0	-44.0	-40	-38	-38.0	-40
49057		-14.0	-20.0	-16	-14	-14.0	-16
50001	-18.0	-18.0	-18.0	-25	-26	-20.0	-27
50003	-10.0	-10.0	-10.0	-17	-18	-12.0	-19
50007	6.0	6.0	6.0	-1	-2	4.0	-3
50011	-13.0	-13.0	-13.0	-20	-21	-15.0	-22
50015	-13.0	-13.0	-13.0	-20	-21	-15.0	-22
50021	-22.0	-22.0	-22.0	-29	-30	-24.0	-31
50023	-22.0	-22.0	-22.0	-29	-30	-24.0	-31
50025	-13.0	-13.0	-13.0	-20	-21	-15.0	-22
51001	-11.0	-17.0	-17.0	-25	-18	-25.0	-25
51003	-4.0	-10.0	-10.0	-18	-11	-18.0	-18
51007	-1.0	-7.0	-7.0	-15	-8	-15.0	-15
51015	-24.0	-30.0	-30.0	-38	-31	-38.0	-38
51019	-38.0	-44.0	-44.0	-52	-45	-52.0	-52
51023	1.0	-5.0	-5.0	-13	-6	-13.0	-13
51029	-39.0	-45.0	-45.0	-53	-46	-53.0	-53
51033	-31.0	-37.0	-37.0	-45	-38	-45.0	-45
51036	-19.0	-25.0	-25.0	-33	-26	-33.0	-33
51047	-3.0	-9.0	-9.0	-17	-10	-17.0	-17
51059	8.0	2.0	2.0	-6	1	-6.0	-6
51061	-10.0	-16.0	-16.0	-24	-17	-24.0	-24
51065	-16.0	-22.0	-22.0	-30	-23	-30.0	-30
51069	-29.0	-35.0	-35.0	-43	-36	-43.0	-43
51073	-16.0	-22.0	-22.0	-30	-23	-30.0	-30
51075	-11.0	-17.0	-17.0	-25	-18	-25.0	-25
51079	-19.0	-25.0	-25.0	-33	-26	-33.0	-33
51081	-13.0	-19.0	-19.0	-27	-20	-27.0	-27
51085	-13.0	-19.0	-19.0	-27	-20	-27.0	-27
51089	-18.0	-24.0	-24.0	-32	-25	-32.0	-32
51093	-7.0	-13.0	-13.0	-21	-14	-21.0	-21
51095	16.0	10.0	10.0	2	9	2.0	2
51099	-17.0	-23.0	-23.0	-31	-24	-31.0	-31
51101	-30.0	-36.0	-36.0	-44	-37	-44.0	-44
51107	3.0	-3.0	-3.0	-11	-4	-11.0	-11
51113	-35.0	-41.0	-41.0	-49	-42	-49.0	-49
51117	-13.0	-19.0	-19.0	-27	-20	-27.0	-27
51121	-25.0	-31.0	-31.0	-39	-32	-39.0	-39
51131	-34.0	-40.0	-40.0	-48	-41	-48.0	-48
51133	-38.0	-44.0	-44.0	-52	-45	-52.0	-52
51139	-30.0	-36.0	-36.0	-44	-37	-44.0	-44
51143	4.0	-2.0	-2.0	-10	-3	-10.0	-10
51147	-13.0	-19.0	-19.0	-27	-20	-27.0	-27
51153	2.0	-4.0	-4.0	-12	-5	-12.0	-12
51159	-36.0	-42.0	-42.0	-50	-43	-50.0	-50
51165	-12.0	-18.0	-18.0	-26	-19	-26.0	-26
51169	-19.0	-25.0	-25.0	-33	-26	-33.0	-33
51171	-25.0	-31.0	-31.0	-39	-32	-39.0	-39
51175	1.0	-5.0	-5.0	-13	-6	-13.0	-13
51177	-5.0	-11.0	-11.0	-19	-12	-19.0	-19
51179	-17.0	-23.0	-23.0	-31	-24	-31.0	-31
51181	-17.0	-23.0	-23.0	-31	-24	-31.0	-31
51183	-21.0	-27.0	-27.0	-35	-28	-35.0	-35
51187	-40.0	-46.0	-46.0	-54	-47	-54.0	-54
51191	-9.0	-15.0	-15.0	-23	-16	-23.0	-23
51195	-14.0	-20.0	-20.0	-28	-21	-28.0	-28
51199	14.0	8.0	8.0	0	7	0.0	0
51510	-10.0	-16.0	-16.0	-24	-17	-24.0	-24
51540	-19.0	-25.0	-25.0	-33	-26	-33.0	-33
51550	-3.0	-9.0	-9.0	-17	-10	-17.0	-17
51570	-10.0	-16.0	-16.0	-24	-17	-24.0	-24
51590	-22.0	-28.0	-28.0	-36	-29	-36.0	-36
51600	-21.0	-27.0	-27.0	-35	-28	-35.0	-35
51610	-21.0	-27.0	-27.0	-35	-28	-35.0	-35
51620	-32.0	-38.0	-38.0	-46	-39	-46.0	-46
51650	-7.0	-13.0	-13.0	-21	-14	-21.0	-21
51660	-23.0	-29.0	-29.0	-37	-30	-37.0	-37
51680	-10.0	-16.0	-16.0	-24	-17	-24.0	-24
51683	-24.0	-30.0	-30.0	-38	-31	-38.0	-38
51685	-14.0	-20.0	-20.0	-28	-21	-28.0	-28
51700	7.0	1.0	1.0	-7	0	-7.0	-7
51710	-3.0	-9.0	-9.0	-17	-10	-17.0	-17
51730	-13.0	-19.0	-19.0	-27	-20	-27.0	-27
51740	-4.0	-10.0	-10.0	-18	-11	-18.0	-18
51770	-38.0	-44.0	-44.0	-52	-45	-52.0	-52
51800	-13.0	-19.0	-19.0	-27	-20	-27.0	-27
51810	5.0	-1.0	-1.0	-9	-2	-9.0	-9
51830	7.0	1.0	1.0	-7	0	-7.0	-7
53003	-29.0	-29.0	-41.0	-35	-35	-35.0	-36
53007	-4.0	-4.0	-16.0	-10	-10	-10.0	-11
53011	6.0	6.0	-6.0	0	0	0.0	-1
53017	-23.0	-23.0	-35.0	-29	-29	-29.0	-30
53021	-11.0	-11.0	-23.0	-17	-17	-17.0	-18
53025	15.0	15.0	3.0	9	9	9.0	8
53029	4.0	4.0	-8.0	-2	-2	-2.0	-3
53033	23.0	23.0	11.0	17	17	17.0	16
53039	-6.0	-6.0	-18.0	-12	-12	-12.0	-13
53041	-15.0	-15.0	-27.0	-21	-21	-21.0	-22
53045	-34.0	-34.0	-46.0	-40	-40	-40.0	-41
53047	-33.0	-33.0	-45.0	-39	-39	-39.0	-40
53057	0.0	0.0	-12.0	-6	-6	-6.0	-7
53061	21.0	21.0	9.0	15	15	15.0	14
53063	-5.0	-5.0	-17.0	-11	-11	-11.0	-12
53065	-22.0	-22.0	-34.0	-28	-28	-28.0	-29
53067	-12.0	-12.0	-24.0	-18	-18	-18.0	-19
53071	-47.0	-47.0	-59.0	-53	-53	-53.0	-54
53077	-1.0	-1.0	-13.0	-7	-7	-7.0	-8
54001	-29.0	-29.0	-29.0	-37	-29	-29.0	-37
54003	-23.0	-23.0	-23.0	-31	-23	-23.0	-31
54027	-26.0	-26.0	-26.0	-34	-26	-26.0	-34
54033	-13.0	-13.0	-13.0	-21	-13	-13.0	-21
54035	-8.0	-8.0	-8.0	-16	-8	-8.0	-16
54037	-35.0	-35.0	-35.0	-43	-35	-35.0	-43
54039	-26.0	-26.0	-26.0	-34	-26	-26.0	-34
54045	-18.0	-18.0	-18.0	-26	-18	-18.0	-26
54049	-5.0	-5.0	-5.0	-13	-5	-5.0	-13
54059	-22.0	-22.0	-22.0	-30	-22	-22.0	-30
54061	-12.0	-12.0	-12.0	-20	-12	-12.0	-20
54067	-48.0	-48.0	-48.0	-56	-48	-48.0	-56
54069	-20.0	-20.0	-20.0	-28	-20	-20.0	-28
54099	-19.0	-19.0	-19.0	-27	-19	-19.0	-27
54107	-24.0	-24.0	-24.0	-32	-24	-24.0	-32
55001	-21.0	-29.0	-29.0	-28	-29	-29.0	-30
55007	-24.0	-32.0	-32.0	-31	-32	-32.0	-33
55009	-16.0	-24.0	-24.0	-23	-24	-24.0	-25
55011	-11.0	-19.0	-19.0	-18	-19	-19.0	-20
55015	-46.0	-54.0	-54.0	-53	-54	-54.0	-55
55019	-26.0	-34.0	-34.0	-33	-34	-34.0	-35
55021	-13.0	-21.0	-21.0	-20	-21	-21.0	-22
55025	0.0	-8.0	-8.0	-7	-8	-8.0	-9
55027	-20.0	-28.0	-28.0	-27	-28	-28.0	-29
55029	-20.0	-28.0	-28.0	-27	-28	-28.0	-29
55039	6.0	-2.0	-2.0	-1	-2	-2.0	-3
55043	-16.0	-24.0	-24.0	-23	-24	-24.0	-25
55051	-2.0	-10.0	-10.0	-9	-10	-10.0	-11
55053	-20.0	-28.0	-28.0	-27	-28	-28.0	-29
55055	-45.0	-53.0	-53.0	-52	-53	-53.0	-54
55057	-20.0	-28.0	-28.0	-27	-28	-28.0	-29
55059	-11.0	-19.0	-19.0	-18	-19	-19.0	-20
55061	-20.0	-28.0	-28.0	-27	-28	-28.0	-29
55071	-33.0	-41.0	-41.0	-40	-41	-41.0	-42
55073	-18.0	-26.0	-26.0	-25	-26	-26.0	-27
55075	-21.0	-29.0	-29.0	-28	-29	-29.0	-30
55077	-24.0	-32.0	-32.0	-31	-32	-32.0	-33
55079	5.0	-3.0	-3.0	-2	-3	-3.0	-4
55081	-34.0	-42.0	-42.0	-41	-42	-42.0	-43
55087	-10.0	-18.0	-18.0	-17	-18	-18.0	-19
55089	6.0	-2.0	-2.0	-1	-2	-2.0	-3
55101	-10.0	-18.0	-18.0	-17	-18	-18.0	-19
55103	-22.0	-30.0	-30.0	-29	-30	-30.0	-31
55105	-7.0	-15.0	-15.0	-14	-15	-15.0	-16
55111	-2.0	-10.0	-10.0	-9	-10	-10.0	-11
55117	-8.0	-16.0	-16.0	-15	-16	-16.0	-17
55127	-20.0	-28.0	-28.0	-27	-28	-28.0	-29
55131	-10.0	-18.0	-18.0	-17	-18	-18.0	-19
55133	-7.0	-15.0	-15.0	-14	-15	-15.0	-16
55135	-3.0	-11.0	-11.0	-10	-11	-11.0	-12
55139	-12.0	-20.0	-20.0	-19	-20	-20.0	-21
56013	-25.0	-33.0	-33.0	-33	-34	-34.0	-37
56019	-16.0	-24.0	-24.0	-24	-25	-25.0	-28
56021	-18.0	-26.0	-26.0	-26	-27	-27.0	-30
56039	-25.0	-33.0	-33.0	-33	-34	-34.0	-37
08014	-5.0	-7.0	-18.0	-8	-11	-14.0	-15
12086	-2.0	-10.0	-10.0	-11	-7	-7.0	-11
02195	-8.0	-12.0	-12.0	-17	-19	-19.0	-20
